heuristic_id,raw_app_type,objective,prediction,confidence,parse_ok,parse_error
pop_0_op_e1_n0_251224_134701,bin_greedy,1.51534,0.02,0.8,True,
pop_9_op_m1_n1_251224_221631,bin_greedy,0.00986,0.02,0.85,True,
pop_9_op_m1_n2_251224_221631,bin_greedy,0.02837,0.025,0.8,True,
pop_9_op_m1_n3_251224_221631,bin_greedy,0.04256,0.414935,0.65,True,
pop_9_op_m1_n4_251224_221631,bin_greedy,0.03441,0.28975,0.7,True,
pop_9_op_m1_n5_251224_221631,bin_greedy,1.46956,0.02,0.85,True,
pop_9_op_m1_n6_251224_221631,bin_greedy,0.04447,0.02,0.8,True,
pop_9_op_m1_n7_251224_221631,bin_greedy,0.04025,0.1,0.7,True,
pop_9_op_m1_n8_251224_221631,bin_greedy,0.01147,0.031926,0.85,True,
pop_9_op_m1_n9_251224_221631,bin_greedy,1.51404,0.02,0.85,True,
pop_9_op_m2_n0_251224_222110,bin_greedy,0.098,0.02804,0.85,True,
pop_9_op_m2_n10_251224_222110,bin_greedy,0.04266,0.414935,0.85,True,
pop_9_op_m2_n11_251224_222110,bin_greedy,0.03682,0.03773,0.95,True,
pop_9_op_m2_n12_251224_222110,bin_greedy,0.07144,0.2,0.75,True,
pop_9_op_m2_n13_251224_222110,bin_greedy,0.02525,0.025,0.85,True,
pop_9_op_m1_n19_251224_221631,bin_greedy,0.03984,0.02,0.85,True,
pop_9_op_m2_n14_251224_222110,bin_greedy,0.01157,0.29,0.75,True,
pop_9_op_m2_n16_251224_222110,bin_greedy,0.03743,0.17223,0.85,True,
pop_9_op_m2_n17_251224_222110,bin_greedy,0.38173,0.289,0.75,True,
pop_9_op_m2_n18_251224_222110,bin_greedy,0.00966,0.2,0.75,True,
pop_9_op_m2_n19_251224_222110,bin_greedy,0.03773,0.03276,0.85,True,
pop_9_op_m2_n1_251224_222110,bin_greedy,0.02294,0.2,0.85,True,
pop_9_op_m2_n2_251224_222110,bin_greedy,0.03491,0.02875,0.85,True,
pop_9_op_m2_n3_251224_222110,bin_greedy,0.02133,0.2,0.85,True,
pop_9_op_m2_n4_251224_222110,bin_greedy,0.01761,0.2,0.75,True,
pop_9_op_m2_n5_251224_222110,bin_greedy,0.01831,0.0277,0.85,True,
pop_9_op_m2_n6_251224_222110,bin_greedy,0.01409,0.02,0.85,True,
pop_9_op_m2_n7_251224_222110,bin_greedy,0.0329,0.02,0.85,True,
pop_9_op_m2_n8_251224_222110,bin_greedy,0.01409,0.02,0.85,True,
pop_9_op_m2_n9_251224_222110,bin_greedy,0.05564,0.025,0.8,True,
pop_0_op_e1_n10_251225_021104,bin_greedy,1.51534,0.2,0.7,True,
pop_9_op_m2_n15_251224_222110,bin_greedy,0.01449,0.01769,0.85,True,
pop_9_op_m1_n18_251224_221631,bin_greedy,0.78831,0.299,0.785,True,
pop_9_op_m1_n17_251224_221631,bin_greedy,0.02395,0.00765,0.85,True,
pop_9_op_m1_n16_251224_221631,bin_greedy,0.03622,0.1,0.7,True,
pop_9_op_e1_n1_251224_220604,bin_greedy,0.17446,0.2,0.7,True,
pop_9_op_e1_n2_251224_220604,bin_greedy,0.44109,0.029,0.85,True,
pop_9_op_e1_n3_251224_220604,bin_greedy,0.84777,0.018,0.75,True,
pop_9_op_e1_n5_251224_220604,bin_greedy,1.51021,0.0726,0.85,True,
pop_9_op_e1_n6_251224_220604,bin_greedy,0.03914,0.1,0.8,True,
pop_9_op_e1_n7_251224_220604,bin_greedy,0.04226,0.02,0.75,True,
pop_9_op_e1_n8_251224_220604,bin_greedy,0.02847,0.02,0.8,True,
pop_9_op_e1_n9_251224_220604,bin_greedy,0.0817,0.27,0.8,True,
pop_9_op_e2_n0_251224_221118,bin_greedy,0.02475,0.019682,0.75,True,
pop_9_op_e2_n10_251224_221118,bin_greedy,0.40648,0.10788,0.85,True,
pop_9_op_e2_n11_251224_221118,bin_greedy,0.01841,0.414935,0.85,True,
pop_9_op_e2_n12_251224_221118,bin_greedy,0.4432,0.025,0.8,True,
pop_9_op_e2_n13_251224_221118,bin_greedy,0.00976,0.02,0.8,True,
pop_9_op_e2_n14_251224_221118,bin_greedy,1.51454,0.02,0.85,True,
pop_9_op_e2_n16_251224_221118,bin_greedy,0.02707,0.012,0.85,True,
pop_9_op_e2_n17_251224_221118,bin_greedy,0.03984,0.2,0.7,True,
pop_9_op_e2_n18_251224_221118,bin_greedy,0.03481,0.00563,0.8,True,
pop_9_op_m1_n15_251224_221631,bin_greedy,0.32528,0.02,0.8,True,
pop_9_op_m1_n14_251224_221631,bin_greedy,0.07969,0.2,0.75,True,
pop_9_op_m1_n13_251224_221631,bin_greedy,0.04568,0.25,0.7,True,
pop_9_op_m1_n12_251224_221631,bin_greedy,0.03532,0.12,0.85,True,
pop_9_op_m1_n11_251224_221631,bin_greedy,0.67301,0.12,0.8,True,
pop_9_op_m1_n10_251224_221631,bin_greedy,0.14438,0.02,0.85,True,
pop_0_op_e1_n11_251225_021104,bin_greedy,0.69916,0.2,0.8,True,
pop_9_op_m1_n0_251224_221631,bin_greedy,0.03562,0.18257,0.95,True,
pop_9_op_e2_n7_251224_221118,bin_greedy,0.82222,0.02,0.85,True,
pop_9_op_e2_n5_251224_221118,bin_greedy,0.04014,0.027,0.85,True,
pop_9_op_e2_n4_251224_221118,bin_greedy,0.43284,0.2,0.75,True,
pop_9_op_e2_n3_251224_221118,bin_greedy,0.89597,0.1,0.8,True,
pop_9_op_e2_n1_251224_221118,bin_greedy,0.04105,0.12,0.75,True,
pop_9_op_e2_n19_251224_221118,bin_greedy,1.30255,0.0297,0.8,True,
pop_9_op_e2_n9_251224_221118,bin_greedy,1.51444,0.02,0.85,True,
pop_9_op_e1_n19_251224_220604,bin_greedy,1.51534,0.02,0.8,True,
pop_0_op_e1_n13_251225_021104,bin_greedy,1.51534,0.1,0.8,True,
pop_0_op_e1_n15_251225_021104,bin_greedy,0.07254,0.28976,0.75,True,
pop_0_op_i1_n12_251225_020904,bin_greedy,0.03984,0.02,0.85,True,
pop_0_op_i1_n13_251225_020644,bin_greedy,0.04226,0.025,0.85,True,
pop_0_op_i1_n13_251225_020904,bin_greedy,0.03984,0.028,0.7,True,
pop_0_op_i1_n14_251225_020644,bin_greedy,1.51534,0.25,0.7,True,
pop_0_op_i1_n14_251225_020904,bin_greedy,1.51534,0.2,0.75,True,
pop_0_op_i1_n15_251225_020644,bin_greedy,1.51534,0.275,0.85,True,
pop_0_op_i1_n16_251225_020644,bin_greedy,0.57118,0.2,0.85,True,
pop_0_op_i1_n16_251225_020904,bin_greedy,0.74816,0.02,0.7,True,
pop_0_op_i1_n17_251225_020644,bin_greedy,1.51534,0.25,0.75,True,
pop_0_op_i1_n17_251225_020904,bin_greedy,0.08693,0.02,0.85,True,
pop_0_op_i1_n18_251225_020644,bin_greedy,1.30737,1.51534,0.9,True,
pop_0_op_i1_n18_251225_020904,bin_greedy,1.51534,0.25,0.6,True,
pop_0_op_i1_n19_251225_020644,bin_greedy,0.13331,0.02,0.7,True,
pop_0_op_i1_n19_251225_020904,bin_greedy,0.03984,0.03,0.75,True,
pop_0_op_i1_n12_251225_020644,bin_greedy,1.51534,0.02,0.8,True,
pop_0_op_i1_n1_251225_020644,bin_greedy,1.51534,0.1,0.75,True,
pop_0_op_i1_n2_251225_020644,bin_greedy,1.51424,0.02,0.8,True,
pop_0_op_i1_n2_251225_020904,bin_greedy,0.05071,0.02,0.85,True,
pop_0_op_i1_n3_251225_020644,bin_greedy,1.51534,0.2,0.7,True,
pop_0_op_i1_n4_251225_020644,bin_greedy,0.04165,0.03,0.75,True,
pop_0_op_i1_n4_251225_020904,bin_greedy,0.03984,0.02895,0.75,True,
pop_0_op_i1_n5_251225_020644,bin_greedy,0.96006,0.041,0.8,True,
pop_0_op_i1_n5_251225_020904,bin_greedy,1.51534,0.08,0.75,True,
pop_0_op_i1_n6_251225_020644,bin_greedy,0.05071,0.936,0.85,True,
pop_0_op_i1_n6_251225_020904,bin_greedy,0.39551,0.02,0.85,True,
pop_0_op_i1_n7_251225_020644,bin_greedy,1.51534,0.02,0.8,True,
pop_0_op_i1_n7_251225_020904,bin_greedy,1.51534,0.2,0.8,True,
pop_0_op_i1_n8_251225_020644,bin_greedy,1.51534,0.02,0.85,True,
pop_0_op_i1_n8_251225_020904,bin_greedy,0.05574,0.02,0.75,True,
pop_0_op_i1_n9_251225_020644,bin_greedy,0.87091,0.02,0.85,True,
pop_0_op_i1_n1_251225_020904,bin_greedy,1.51534,0.02,0.8,True,
pop_0_op_i1_n11_251225_020904,bin_greedy,1.51534,0.02,0.85,True,
pop_0_op_i1_n10_251225_020904,bin_greedy,0.03984,0.024378,0.95,True,
pop_0_op_i1_n10_251225_020644,bin_greedy,0.03984,0.2,0.7,True,
pop_0_op_e1_n16_251225_021104,bin_greedy,0.08009,0.02,0.8,True,
pop_0_op_e1_n17_251225_021104,bin_greedy,0.05524,0.2,0.75,True,
pop_0_op_e1_n18_251225_021104,bin_greedy,1.48244,0.2,0.7,True,
pop_0_op_e1_n19_251225_021104,bin_greedy,0.07606,0.28,0.75,True,
pop_0_op_e1_n1_251225_021104,bin_greedy,0.04226,0.027,0.8,True,
pop_0_op_e1_n2_251225_021104,bin_greedy,1.42841,0.02,0.8,True,
pop_0_op_e1_n5_251225_021104,bin_greedy,0.06449,0.1,0.7,True,
pop_0_op_e1_n6_251225_021104,bin_greedy,1.51524,0.025,0.75,True,
pop_0_op_e1_n8_251225_021104,bin_greedy,0.11671,0.02,0.85,True,
pop_0_op_e1_n9_251225_021104,bin_greedy,0.80612,0.25,0.8,True,
pop_0_op_e2_n0_251225_021428,bin_greedy,0.04367,0.02,0.8,True,
pop_0_op_e2_n10_251225_021428,bin_greedy,1.51534,0.0268,0.85,True,
pop_0_op_e2_n11_251225_021428,bin_greedy,0.28826,0.025,0.85,True,
pop_0_op_e2_n12_251225_021428,bin_greedy,0.05946,0.25,0.75,True,
pop_0_op_e2_n13_251225_021428,bin_greedy,1.51534,0.02,0.85,True,
pop_0_op_e2_n14_251225_021428,bin_greedy,1.51343,0.07812,0.75,True,
pop_0_op_e2_n15_251225_021428,bin_greedy,1.51534,0.03,0.8,True,
pop_0_op_i1_n0_251225_020904,bin_greedy,1.51534,0.02,0.85,True,
pop_0_op_i1_n0_251225_020644,bin_greedy,1.51534,0.025,0.7,True,
pop_0_op_e2_n9_251225_021428,bin_greedy,1.51534,0.2,0.75,True,
pop_0_op_e2_n8_251225_021428,bin_greedy,0.05161,0.02,0.85,True,
pop_0_op_e2_n7_251225_021428,bin_greedy,0.05071,0.01019,0.85,True,
pop_0_op_e2_n5_251225_021428,bin_greedy,1.51534,0.02,0.85,True,
pop_0_op_e1_n14_251225_021104,bin_greedy,1.51293,0.02,0.75,True,
pop_0_op_e2_n4_251225_021428,bin_greedy,0.08582,0.03,0.85,True,
pop_0_op_e2_n2_251225_021428,bin_greedy,0.08693,0.96828,0.7,True,
pop_0_op_e2_n1_251225_021428,bin_greedy,0.08904,0.2,0.8,True,
pop_0_op_e2_n19_251225_021428,bin_greedy,0.05071,0.1,0.8,True,
pop_0_op_e2_n18_251225_021428,bin_greedy,0.12426,0.02,0.8,True,
pop_0_op_e2_n17_251225_021428,bin_greedy,1.01922,0.2,0.75,True,
pop_0_op_e2_n16_251225_021428,bin_greedy,0.06147,0.1,0.8,True,
pop_0_op_e2_n3_251225_021428,bin_greedy,0.04226,0.1,0.75,True,
pop_9_op_e1_n18_251224_220604,bin_greedy,0.03974,0.25,0.75,True,
pop_9_op_e1_n17_251224_220604,bin_greedy,0.02586,0.2875,0.9,True,
pop_9_op_e1_n16_251224_220604,bin_greedy,0.03994,0.025,0.8,True,
pop_7_op_m1_n9_251224_213407,bin_greedy,0.01197,0.02,0.85,True,
pop_7_op_m2_n0_251224_213900,bin_greedy,1.51454,0.027,0.85,True,
pop_7_op_m2_n10_251224_213900,bin_greedy,0.03984,0.128,0.7,True,
pop_7_op_m2_n11_251224_213900,bin_greedy,0.02374,0.02,0.95,True,
pop_7_op_m2_n12_251224_213900,bin_greedy,0.64584,0.25,0.85,True,
pop_7_op_m2_n13_251224_213900,bin_greedy,0.05182,0.02,0.8,True,
pop_7_op_m2_n14_251224_213900,bin_greedy,0.02415,0.02,0.85,True,
pop_7_op_m2_n15_251224_213900,bin_greedy,0.03894,0.25,0.75,True,
pop_7_op_m2_n16_251224_213900,bin_greedy,0.01761,0.2,0.7,True,
pop_7_op_m2_n17_251224_213900,bin_greedy,0.03703,0.2078,0.85,True,
pop_7_op_m2_n18_251224_213900,bin_greedy,0.06147,0.2,0.85,True,
pop_7_op_m2_n19_251224_213900,bin_greedy,0.00765,0.2,0.75,True,
pop_7_op_m2_n1_251224_213900,bin_greedy,0.02012,0.02179,0.85,True,
pop_7_op_m2_n2_251224_213900,bin_greedy,0.65389,0.189,0.85,True,
pop_7_op_m1_n8_251224_213407,bin_greedy,0.07496,0.25,0.8,True,
pop_7_op_m2_n3_251224_213900,bin_greedy,0.01549,0.02,0.85,True,
pop_7_op_m2_n5_251224_213900,bin_greedy,0.03169,0.2,0.8,True,
pop_7_op_m2_n6_251224_213900,bin_greedy,0.032,0.18,0.85,True,
pop_7_op_m2_n7_251224_213900,bin_greedy,0.63014,0.2,0.85,True,
pop_7_op_m2_n8_251224_213900,bin_greedy,0.0335,0.12378,0.85,True,
pop_7_op_m2_n9_251224_213900,bin_greedy,0.01801,0.0287,0.95,True,
pop_8_op_e1_n0_251224_214409,bin_greedy,0.77463,0.25,0.8,True,
pop_8_op_e1_n10_251224_214409,bin_greedy,0.03562,0.2,0.8,True,
pop_8_op_e1_n11_251224_214409,bin_greedy,0.07234,0.2,0.75,True,
pop_8_op_e1_n12_251224_214409,bin_greedy,0.43626,0.02,0.8,True,
pop_8_op_e1_n13_251224_214409,bin_greedy,0.03984,0.012,0.75,True,
pop_8_op_e1_n14_251224_214409,bin_greedy,0.04286,0.1,0.8,True,
pop_8_op_e1_n15_251224_214409,bin_greedy,1.19449,0.02894,0.75,True,
pop_8_op_e1_n16_251224_214409,bin_greedy,0.76044,0.1,0.85,True,
pop_8_op_e1_n17_251224_214409,bin_greedy,1.46795,0.02,0.85,True,
pop_7_op_m2_n4_251224_213900,bin_greedy,0.01197,0.02,0.9,True,
pop_7_op_m1_n7_251224_213407,bin_greedy,0.02022,0.07,0.8,True,
pop_7_op_m1_n6_251224_213407,bin_greedy,0.11108,0.02,0.85,True,
pop_7_op_m1_n5_251224_213407,bin_greedy,0.01187,0.025,0.85,True,
pop_7_op_e2_n12_251224_212721,bin_greedy,0.07466,0.02,0.8,True,
pop_7_op_e2_n13_251224_212721,bin_greedy,0.08361,0.02,0.85,True,
pop_7_op_e2_n14_251224_212721,bin_greedy,0.01147,0.128,0.75,True,
pop_7_op_e2_n15_251224_212721,bin_greedy,0.03964,0.02,0.85,True,
pop_7_op_e2_n16_251224_212721,bin_greedy,0.04004,0.1874,0.75,True,
pop_7_op_e2_n17_251224_212721,bin_greedy,1.51474,0.05564,0.8,True,
pop_7_op_e2_n18_251224_212721,bin_greedy,0.02515,0.02,0.8,True,
pop_7_op_e2_n19_251224_212721,bin_greedy,0.03139,0.082,0.85,True,
pop_7_op_e2_n1_251224_212721,bin_greedy,1.48506,0.0326,0.85,True,
pop_7_op_e2_n2_251224_212721,bin_greedy,0.04829,0.2,0.7,True,
pop_7_op_e2_n3_251224_212721,bin_greedy,0.03954,0.2,0.8,True,
pop_7_op_e2_n4_251224_212721,bin_greedy,0.39068,0.102,0.85,True,
pop_7_op_e2_n5_251224_212721,bin_greedy,0.03914,0.127,0.85,True,
pop_7_op_e2_n6_251224_212721,bin_greedy,1.51524,0.079,0.85,True,
pop_7_op_e2_n7_251224_212721,bin_greedy,0.03833,0.02,0.85,True,
pop_7_op_e2_n9_251224_212721,bin_greedy,0.03994,0.02,0.7,True,
pop_7_op_m1_n0_251224_213407,bin_greedy,0.26089,0.02,0.85,True,
pop_7_op_m1_n4_251224_213407,bin_greedy,0.0487,0.02,0.85,True,
pop_7_op_m1_n3_251224_213407,bin_greedy,0.51544,0.02,0.85,True,
pop_7_op_m1_n2_251224_213407,bin_greedy,0.0321,0.2,0.75,True,
pop_7_op_m1_n1_251224_213407,bin_greedy,0.02988,0.02,0.75,True,
pop_7_op_m1_n19_251224_213407,bin_greedy,0.03984,0.298,0.75,True,
pop_7_op_m1_n18_251224_213407,bin_greedy,0.04367,0.025,0.75,True,
pop_8_op_e1_n18_251224_214409,bin_greedy,0.04679,0.27989,0.85,True,
pop_7_op_m1_n17_251224_213407,bin_greedy,0.01238,0.33756,0.85,True,
pop_7_op_m1_n15_251224_213407,bin_greedy,1.51444,0.028,0.75,True,
pop_7_op_m1_n14_251224_213407,bin_greedy,0.04326,0.1892,0.75,True,
pop_3_op_e1_n4_251226_003906,cvrp_lns,3760716.5,3600000.0,0.8,True,
pop_3_op_e1_n1_251226_003906,cvrp_lns,3973677.1,3700000.0,0.85,True,
pop_3_op_e1_n6_251226_003906,cvrp_lns,3875729.5,3500000.0,0.8,True,
pop_3_op_e1_n3_251226_003906,cvrp_lns,3952778.6,3500000.0,0.85,True,
pop_3_op_e1_n2_251226_003906,cvrp_lns,3967122.1,3600000.0,0.8,True,
pop_3_op_e1_n7_251226_003906,cvrp_lns,3708239.5,3456287.95,0.6,True,
pop_3_op_e1_n5_251226_003906,cvrp_lns,3836963.1,3400000.0,0.85,True,
pop_2_op_m2_n8_251225_235254,cvrp_lns,3506173.0,3500000.0,0.85,True,
pop_3_op_e1_n18_251226_003906,cvrp_lns,3893279.6,3700000.0,0.85,True,
pop_3_op_e1_n16_251226_003906,cvrp_lns,3939843.0,3400000.0,0.75,True,
pop_3_op_e1_n15_251226_003906,cvrp_lns,3859277.8,3600000.0,0.8,True,
pop_3_op_e1_n14_251226_003906,cvrp_lns,3541270.6,3600000.0,0.85,True,
pop_3_op_e1_n13_251226_003906,cvrp_lns,3847058.0,3500000.0,0.85,True,
pop_3_op_e1_n11_251226_003906,cvrp_lns,3501780.6,3500000.0,0.8,True,
pop_2_op_m2_n9_251225_235254,cvrp_lns,3663643.1,3500000.0,0.85,True,
pop_3_op_e1_n8_251226_003906,cvrp_lns,3909067.8,3500000.0,0.75,True,
pop_3_op_e1_n0_251226_003906,cvrp_lns,3742448.0,3900000.0,0.85,True,
pop_3_op_e1_n10_251226_003906,cvrp_lns,3777556.4,3500000.0,0.85,True,
pop_3_op_e1_n19_251226_003906,cvrp_lns,3849356.7,3700000.0,0.75,True,
pop_3_op_e1_n9_251226_003906,cvrp_lns,3811566.1,3400000.0,0.85,True,
pop_3_op_e2_n3_251226_012408,cvrp_lns,3981765.6,3500000.0,0.8,True,
pop_3_op_e2_n10_251226_012408,cvrp_lns,3657964.5,3700000.0,0.8,True,
pop_3_op_m1_n11_251226_020829,cvrp_lns,3909402.3,3600000.0,0.85,True,
pop_3_op_m1_n10_251226_020829,cvrp_lns,3672726.0,3500000.0,0.85,True,
pop_3_op_m1_n12_251226_020829,cvrp_lns,3536493.8,3500000.0,0.85,True,
pop_3_op_m1_n13_251226_020829,cvrp_lns,3614514.5,3400000.0,0.85,True,
pop_3_op_m1_n0_251226_020829,cvrp_lns,3560299.9,3500000.0,0.85,True,
pop_3_op_e2_n9_251226_012408,cvrp_lns,3912830.0,3500000.0,0.8,True,
pop_3_op_e2_n8_251226_012408,cvrp_lns,3954207.6,3500000.0,0.8,True,
pop_3_op_e2_n7_251226_012408,cvrp_lns,3763331.0,3700000.0,0.8,True,
pop_3_op_e2_n6_251226_012408,cvrp_lns,3851839.8,3483097.4,0.75,True,
pop_3_op_e2_n0_251226_012408,cvrp_lns,3974480.2,3500000.0,0.7,True,
pop_3_op_e2_n5_251226_012408,cvrp_lns,3981765.6,3602605.0,0.85,True,
pop_3_op_e2_n2_251226_012408,cvrp_lns,3835533.3,3728000.0,0.8,True,
pop_3_op_e2_n1_251226_012408,cvrp_lns,3759928.1,3600000.0,0.7,True,
pop_3_op_e2_n19_251226_012408,cvrp_lns,3865248.2,3607595.4,0.8,True,
pop_3_op_e2_n18_251226_012408,cvrp_lns,3831224.7,3700000.0,0.85,True,
pop_3_op_e2_n17_251226_012408,cvrp_lns,3975060.9,3600000.0,0.8,True,
pop_3_op_e2_n16_251226_012408,cvrp_lns,3946892.3,3607595.4,0.85,True,
pop_3_op_e2_n14_251226_012408,cvrp_lns,3973941.6,3400000.0,0.8,True,
pop_3_op_e2_n13_251226_012408,cvrp_lns,3846300.1,3923014.6,0.75,True,
pop_3_op_e2_n11_251226_012408,cvrp_lns,3876407.4,3870724.2,0.65,True,
pop_3_op_e2_n4_251226_012408,cvrp_lns,3981765.6,3500000.0,0.85,True,
pop_2_op_m2_n7_251225_235254,cvrp_lns,3450900.1,3708097.4,0.85,True,
pop_2_op_m1_n14_251225_230458,cvrp_lns,3546928.2,3500000.0,0.85,True,
pop_2_op_m2_n5_251225_235254,cvrp_lns,3560669.9,3490000.0,0.85,True,
pop_2_op_m1_n17_251225_230458,cvrp_lns,3660947.5,3600000.0,0.85,True,
pop_2_op_m1_n16_251225_230458,cvrp_lns,3545654.8,3700000.0,0.85,True,
pop_2_op_m1_n15_251225_230458,cvrp_lns,3551063.9,3516118.3,0.9,True,
pop_2_op_m1_n13_251225_230458,cvrp_lns,3547501.8,3600000.0,0.8,True,
pop_2_op_m1_n12_251225_230458,cvrp_lns,3526693.1,3400000.0,0.85,True,
pop_2_op_m1_n11_251225_230458,cvrp_lns,3553456.7,3700000.0,0.8,True,
pop_2_op_m1_n10_251225_230458,cvrp_lns,3596354.3,3600000.0,0.85,True,
pop_2_op_m1_n0_251225_230458,cvrp_lns,3559870.8,3500000.0,0.85,True,
pop_2_op_e2_n9_251225_221616,cvrp_lns,3546463.2,3750000.0,0.85,True,
pop_2_op_e2_n8_251225_221616,cvrp_lns,3741035.2,3707647.4,0.85,True,
pop_2_op_e2_n7_251225_221616,cvrp_lns,3595515.7,3500000.0,0.85,True,
pop_2_op_e2_n6_251225_221616,cvrp_lns,3804181.2,3600000.0,0.85,True,
pop_2_op_e2_n5_251225_221616,cvrp_lns,3891880.3,3700000.0,0.75,True,
pop_2_op_e2_n4_251225_221616,cvrp_lns,3864263.6,3600000.0,0.7,True,
pop_2_op_e2_n3_251225_221616,cvrp_lns,3921875.2,3876245.0,0.75,True,
pop_2_op_e2_n2_251225_221616,cvrp_lns,3977631.3,3450000.0,0.85,True,
pop_2_op_e2_n1_251225_221616,cvrp_lns,3981765.6,3600000.0,0.85,True,
pop_3_op_m1_n14_251226_020829,cvrp_lns,3622145.8,3400000.0,0.85,True,
pop_2_op_e2_n17_251225_221616,cvrp_lns,3636831.1,3700000.0,0.85,True,
pop_2_op_e2_n19_251225_221616,cvrp_lns,3865272.9,3400000.0,0.8,True,
pop_2_op_e2_n18_251225_221616,cvrp_lns,3794048.6,3500000.0,0.8,True,
pop_2_op_m1_n19_251225_230458,cvrp_lns,3980428.7,3500000.0,0.85,True,
pop_2_op_m2_n6_251225_235254,cvrp_lns,3548471.2,3500000.0,0.7,True,
pop_2_op_m1_n1_251225_230458,cvrp_lns,3571879.7,3700000.0,0.85,True,
pop_2_op_m1_n3_251225_230458,cvrp_lns,3611107.9,3400000.0,0.85,True,
pop_2_op_m2_n4_251225_235254,cvrp_lns,3562910.3,3450000.0,0.85,True,
pop_2_op_m2_n3_251225_235254,cvrp_lns,3603095.5,3460000.0,0.85,True,
pop_2_op_m2_n2_251225_235254,cvrp_lns,3559855.0,3772577.7,0.85,True,
pop_2_op_m2_n1_251225_235254,cvrp_lns,3550041.8,3763160.7,0.85,True,
pop_2_op_m2_n19_251225_235254,cvrp_lns,3570381.9,3600000.0,0.85,True,
pop_2_op_m2_n18_251225_235254,cvrp_lns,3563389.8,3700000.0,0.75,True,
pop_2_op_m2_n17_251225_235254,cvrp_lns,3632225.2,3400000.0,0.85,True,
pop_2_op_m2_n16_251225_235254,cvrp_lns,3514065.6,3902864.7,0.8,True,
pop_2_op_m2_n15_251225_235254,cvrp_lns,3533281.0,3600000.0,0.85,True,
pop_2_op_m2_n14_251225_235254,cvrp_lns,3581037.1,3500000.0,0.8,True,
pop_2_op_m2_n13_251225_235254,cvrp_lns,3584756.2,3600000.0,0.85,True,
pop_2_op_m2_n12_251225_235254,cvrp_lns,3579385.9,3400000.0,0.85,True,
pop_2_op_m2_n11_251225_235254,cvrp_lns,3793034.5,3500000.0,0.85,True,
pop_2_op_m2_n10_251225_235254,cvrp_lns,3606282.9,3700000.0,0.8,True,
pop_2_op_m2_n0_251225_235254,cvrp_lns,3520056.5,3600000.0,0.75,True,
pop_2_op_m1_n9_251225_230458,cvrp_lns,3974598.4,3490000.0,0.85,True,
pop_2_op_m1_n8_251225_230458,cvrp_lns,3533086.4,3400000.0,0.75,True,
pop_2_op_m1_n7_251225_230458,cvrp_lns,3753509.5,3600000.0,0.85,True,
pop_2_op_m1_n6_251225_230458,cvrp_lns,3568468.5,3463097.4,0.75,True,
pop_2_op_m1_n5_251225_230458,cvrp_lns,3611405.1,3450000.0,0.85,True,
pop_2_op_m1_n4_251225_230458,cvrp_lns,3676348.4,3600000.0,0.85,True,
pop_2_op_m1_n2_251225_230458,cvrp_lns,3738963.1,3500000.0,0.75,True,
pop_3_op_m1_n15_251226_020829,cvrp_lns,3522157.6,3500000.0,0.8,True,
pop_4_op_e2_n5_251226_042834,cvrp_lns,3821187.4,3560000.0,0.85,True,
pop_3_op_m1_n17_251226_020829,cvrp_lns,3530674.4,3500000.0,0.85,True,
pop_4_op_m1_n11_251226_051356,cvrp_lns,3777096.2,3600000.0,0.85,True,
pop_4_op_m1_n10_251226_051356,cvrp_lns,3739618.2,3400000.0,0.85,True,
pop_4_op_m1_n0_251226_051356,cvrp_lns,3778294.7,3500000.0,0.8,True,
pop_4_op_e2_n9_251226_042834,cvrp_lns,3659094.8,3500000.0,0.85,True,
pop_4_op_e2_n7_251226_042834,cvrp_lns,3608024.8,3650000.0,0.75,True,
pop_4_op_e2_n6_251226_042834,cvrp_lns,3950534.3,3600000.0,0.75,True,
pop_4_op_e2_n4_251226_042834,cvrp_lns,3865229.5,3700000.0,0.8,True,
pop_4_op_e2_n3_251226_042834,cvrp_lns,3826920.9,3458443.45,0.75,True,
pop_4_op_e2_n2_251226_042834,cvrp_lns,3908261.8,3700000.0,0.85,True,
pop_4_op_m1_n12_251226_051356,cvrp_lns,3959237.9,3700000.0,0.85,True,
pop_4_op_e2_n1_251226_042834,cvrp_lns,3822209.3,3490000.0,0.85,True,
pop_4_op_e2_n18_251226_042834,cvrp_lns,3970528.1,3510415.9,0.8,True,
pop_4_op_e2_n17_251226_042834,cvrp_lns,3978448.3,3400000.0,0.85,True,
pop_4_op_e2_n16_251226_042834,cvrp_lns,3539115.0,3800000.0,0.8,True,
pop_4_op_e2_n15_251226_042834,cvrp_lns,3933813.1,3705807.0,0.85,True,
pop_4_op_e2_n13_251226_042834,cvrp_lns,3962725.7,3400000.0,0.8,True,
pop_4_op_e2_n12_251226_042834,cvrp_lns,3812177.4,3800000.0,0.6,True,
pop_4_op_e2_n11_251226_042834,cvrp_lns,3564518.4,3600000.0,0.8,True,
pop_4_op_e2_n10_251226_042834,cvrp_lns,3907930.0,3500000.0,0.85,True,
pop_4_op_e2_n0_251226_042834,cvrp_lns,3753443.1,3500000.0,0.85,True,
pop_4_op_e2_n19_251226_042834,cvrp_lns,3928541.4,3480000.0,0.85,True,
pop_4_op_m1_n13_251226_051356,cvrp_lns,3567093.7,3700000.0,0.85,True,
pop_4_op_m1_n14_251226_051356,cvrp_lns,3569966.4,3700000.0,0.8,True,
pop_4_op_m1_n15_251226_051356,cvrp_lns,3615939.7,3772351.0,0.75,True,
pop_4_op_m2_n15_251226_055944,cvrp_lns,3980343.0,3600000.0,0.75,True,
pop_4_op_m2_n14_251226_055944,cvrp_lns,3455800.6,3600000.0,0.8,True,
pop_2_op_e2_n15_251225_221616,cvrp_lns,3979452.9,3500000.0,0.85,True,
pop_4_op_m2_n16_251226_055944,cvrp_lns,3498361.0,3600000.0,0.85,True,
pop_4_op_m2_n13_251226_055944,cvrp_lns,3619060.2,3600000.0,0.85,True,
pop_4_op_m2_n12_251226_055944,cvrp_lns,3603138.7,3600000.0,0.85,True,
pop_4_op_m2_n11_251226_055944,cvrp_lns,3560067.6,3500000.0,0.85,True,
pop_4_op_m2_n10_251226_055944,cvrp_lns,3571300.2,3600000.0,0.8,True,
pop_4_op_m2_n0_251226_055944,cvrp_lns,3729006.2,3500000.0,0.85,True,
pop_4_op_m1_n9_251226_051356,cvrp_lns,3814044.6,3400000.0,0.75,True,
pop_4_op_m1_n8_251226_051356,cvrp_lns,3529433.6,3600000.0,0.85,True,
pop_4_op_m1_n7_251226_051356,cvrp_lns,3581952.6,3700000.0,0.8,True,
pop_4_op_m1_n6_251226_051356,cvrp_lns,3570590.5,3680000.0,0.85,True,
pop_4_op_m1_n5_251226_051356,cvrp_lns,3536448.1,3600000.0,0.85,True,
pop_4_op_m1_n4_251226_051356,cvrp_lns,3937246.6,3765460.9,0.75,True,
pop_4_op_m1_n2_251226_051356,cvrp_lns,3549594.3,3500000.0,0.8,True,
pop_4_op_m1_n1_251226_051356,cvrp_lns,3968929.7,3600000.0,0.85,True,
pop_4_op_m1_n19_251226_051356,cvrp_lns,3651032.3,3500000.0,0.8,True,
pop_4_op_m1_n18_251226_051356,cvrp_lns,3794588.3,3560000.0,0.85,True,
pop_4_op_m1_n17_251226_051356,cvrp_lns,3784659.2,3500000.0,0.75,True,
pop_4_op_m1_n16_251226_051356,cvrp_lns,3517306.8,3400000.0,0.8,True,
pop_4_op_e1_n9_251226_034419,cvrp_lns,3981765.6,3700000.0,0.8,True,
pop_3_op_m1_n16_251226_020829,cvrp_lns,3656712.2,3400000.0,0.85,True,
pop_4_op_e1_n8_251226_034419,cvrp_lns,3835395.6,3400000.0,0.8,True,
pop_4_op_e1_n6_251226_034419,cvrp_lns,3981765.6,3450000.0,0.7,True,
pop_3_op_m2_n17_251226_025640,cvrp_lns,3566591.3,3600000.0,0.75,True,
pop_3_op_m2_n16_251226_025640,cvrp_lns,3508939.8,3700000.0,0.85,True,
pop_3_op_m2_n15_251226_025640,cvrp_lns,3483814.7,3500000.0,0.85,True,
pop_3_op_m2_n14_251226_025640,cvrp_lns,3682957.1,3665522.55,0.8,True,
pop_3_op_m2_n13_251226_025640,cvrp_lns,3527703.9,3600000.0,0.85,True,
pop_3_op_m2_n12_251226_025640,cvrp_lns,3552458.8,3500000.0,0.8,True,
pop_3_op_m2_n11_251226_025640,cvrp_lns,3705467.0,3500000.0,0.85,True,
pop_3_op_m2_n10_251226_025640,cvrp_lns,3593751.9,3500000.0,0.8,True,
pop_3_op_m2_n0_251226_025640,cvrp_lns,3461423.4,3500000.0,0.8,True,
pop_3_op_m2_n18_251226_025640,cvrp_lns,3538074.2,3500000.0,0.85,True,
pop_3_op_m1_n9_251226_020829,cvrp_lns,3954315.4,3400000.0,0.7,True,
pop_3_op_m1_n7_251226_020829,cvrp_lns,3778272.5,3500000.0,0.85,True,
pop_3_op_m1_n6_251226_020829,cvrp_lns,3590748.7,3600000.0,0.85,True,
pop_3_op_m1_n5_251226_020829,cvrp_lns,3782251.2,3450000.0,0.85,True,
pop_3_op_m1_n4_251226_020829,cvrp_lns,3541767.6,3700000.0,0.85,True,
pop_3_op_m1_n3_251226_020829,cvrp_lns,3842426.7,3600000.0,0.85,True,
pop_3_op_m1_n2_251226_020829,cvrp_lns,3604990.2,3500000.0,0.8,True,
pop_3_op_m1_n1_251226_020829,cvrp_lns,3524318.9,3500000.0,0.85,True,
pop_3_op_m1_n19_251226_020829,cvrp_lns,3564825.0,3600000.0,0.85,True,
pop_3_op_m1_n18_251226_020829,cvrp_lns,3551329.1,3700000.0,0.85,True,
pop_3_op_m1_n8_251226_020829,cvrp_lns,3643025.6,3500000.0,0.8,True,
pop_3_op_m2_n19_251226_025640,cvrp_lns,3545472.0,3600000.0,0.8,True,
pop_3_op_m2_n1_251226_025640,cvrp_lns,3636229.3,3600000.0,0.8,True,
pop_3_op_m2_n2_251226_025640,cvrp_lns,3452215.5,3500000.0,0.85,True,
pop_4_op_e1_n5_251226_034419,cvrp_lns,3813011.8,3400000.0,0.8,True,
pop_4_op_e1_n4_251226_034419,cvrp_lns,3675227.6,3725000.0,0.85,True,
pop_4_op_e1_n3_251226_034419,cvrp_lns,3868615.2,3700000.0,0.85,True,
pop_4_op_e1_n2_251226_034419,cvrp_lns,3871256.0,3600000.0,0.8,True,
pop_4_op_e1_n19_251226_034419,cvrp_lns,3801775.9,3500000.0,0.8,True,
pop_4_op_e1_n18_251226_034419,cvrp_lns,3907693.9,3400000.0,0.8,True,
pop_4_op_e1_n17_251226_034419,cvrp_lns,3831767.8,3400000.0,0.85,True,
pop_4_op_e1_n16_251226_034419,cvrp_lns,3973205.3,3400000.0,0.8,True,
pop_4_op_e1_n15_251226_034419,cvrp_lns,3745357.8,3700000.0,0.85,True,
pop_4_op_e1_n13_251226_034419,cvrp_lns,3787521.1,3685299.7,0.85,True,
pop_4_op_e1_n12_251226_034419,cvrp_lns,3981765.6,3700000.0,0.8,True,
pop_4_op_e1_n11_251226_034419,cvrp_lns,3910586.6,3600000.0,0.8,True,
pop_4_op_e1_n10_251226_034419,cvrp_lns,3860724.1,3400000.0,0.85,True,
pop_4_op_e1_n0_251226_034419,cvrp_lns,3911697.3,3607602.4,0.85,True,
pop_3_op_m2_n9_251226_025640,cvrp_lns,3565399.0,3832361.35,0.75,True,
pop_3_op_m2_n8_251226_025640,cvrp_lns,3563336.4,3500000.0,0.85,True,
pop_3_op_m2_n7_251226_025640,cvrp_lns,3526538.2,3500000.0,0.85,True,
pop_3_op_m2_n6_251226_025640,cvrp_lns,3565399.0,3700000.0,0.85,True,
pop_3_op_m2_n5_251226_025640,cvrp_lns,3526549.2,3480000.0,0.85,True,
pop_3_op_m2_n4_251226_025640,cvrp_lns,3547724.5,3504597.4,0.8,True,
pop_3_op_m2_n3_251226_025640,cvrp_lns,3576574.9,3400000.0,0.85,True,
pop_4_op_e1_n7_251226_034419,cvrp_lns,3694843.9,3500000.0,0.85,True,
pop_2_op_e2_n14_251225_221616,cvrp_lns,3776833.3,3500000.0,0.8,True,
pop_19_op_m1_n0_251228_074716,cvrp_lns,3425009.8,3700000.0,0.85,True,
pop_2_op_e2_n12_251225_221616,cvrp_lns,3738311.6,3500000.0,0.8,True,
pop_19_op_m1_n2_251228_074716,cvrp_lns,3578977.7,3500000.0,0.8,True,
pop_19_op_m1_n1_251228_074716,cvrp_lns,3631723.3,3500000.0,0.85,True,
pop_19_op_m1_n19_251228_074716,cvrp_lns,3691340.7,3400000.0,0.85,True,
pop_19_op_m1_n18_251228_074716,cvrp_lns,3647202.4,3773610.35,0.85,True,
pop_19_op_m1_n17_251228_074716,cvrp_lns,3349279.5,3504597.5,0.85,True,
pop_19_op_m1_n16_251228_074716,cvrp_lns,3365810.4,3400000.0,0.85,True,
pop_9_op_m2_n1_250821_192903,premarshalling_astar,8.79957,0.35,0.7,True,
pop_9_op_m2_n3_250821_192903,premarshalling_astar,10.69957,0.5,0.7,True,
pop_9_op_m2_n4_250821_192903,premarshalling_astar,0.23632,5.0,0.8,True,
pop_9_op_m2_n5_250821_192903,premarshalling_astar,0.33474,1.5,0.75,True,
pop_9_op_m2_n6_250821_192903,premarshalling_astar,0.33474,0.65,0.85,True,
pop_9_op_e2_n19_250821_190214,premarshalling_astar,0.49418,0.25,0.6,True,
pop_9_op_m2_n7_250821_192903,premarshalling_astar,0.30077,0.65,0.75,True,
pop_9_op_m2_n19_250821_192903,premarshalling_astar,0.35863,5.0,0.7,True,
pop_9_op_m2_n8_250821_192903,premarshalling_astar,0.77974,2.0,0.75,True,
pop_0_op_e1_n8_250825_101251,premarshalling_astar,5.50536,1.5,0.75,True,
pop_9_op_m2_n9_250821_192903,premarshalling_astar,0.18021,1.5,0.7,True,
pop_9_op_m2_n2_250821_192903,premarshalling_astar,0.34779,6.5,0.75,True,
pop_0_op_e1_n0_250825_101251,premarshalling_astar,5.35163,0.2,0.75,True,
pop_0_op_e1_n10_250825_101251,premarshalling_astar,9.671,0.5,0.7,True,
pop_0_op_e1_n18_250825_101251,premarshalling_astar,0.71768,0.5,0.75,True,
pop_0_op_e1_n12_250825_101251,premarshalling_astar,10.69957,0.6,0.75,True,
pop_0_op_e1_n7_250825_101251,premarshalling_astar,1.2296,2.0,0.75,True,
pop_0_op_e1_n6_250825_101251,premarshalling_astar,8.94623,2.90012,0.65,True,
pop_9_op_m2_n18_250821_192903,premarshalling_astar,0.18021,0.5,0.6,True,
pop_0_op_e1_n5_250825_101251,premarshalling_astar,0.49815,0.25,0.75,True,
pop_0_op_e1_n4_250825_101251,premarshalling_astar,0.66125,0.35,0.85,True,
pop_0_op_e1_n3_250825_101251,premarshalling_astar,2.0229,0.5,0.8,True,
pop_0_op_e1_n11_250825_101251,premarshalling_astar,0.67559,0.5,0.7,True,
pop_0_op_e1_n2_250825_101251,premarshalling_astar,1.06775,0.6,0.75,True,
pop_0_op_e1_n19_250825_101251,premarshalling_astar,0.33772,0.75,0.85,True,
pop_0_op_e1_n17_250825_101251,premarshalling_astar,0.19548,0.75,0.8,True,
pop_0_op_e1_n16_250825_101251,premarshalling_astar,0.66125,1.0,0.95,True,
pop_0_op_e1_n15_250825_101251,premarshalling_astar,2.16453,0.5,0.75,True,
pop_0_op_e1_n14_250825_101251,premarshalling_astar,2.3593,0.5,0.7,True,
pop_0_op_e1_n13_250825_101251,premarshalling_astar,1.18496,5.0,0.75,True,
pop_0_op_e1_n1_250825_101251,premarshalling_astar,4.11,0.7,0.85,True,
pop_9_op_m2_n17_250821_192903,premarshalling_astar,0.52832,3.0,0.8,True,
pop_9_op_m1_n14_250821_191812,premarshalling_astar,0.32057,0.5,0.75,True,
pop_9_op_m2_n15_250821_192903,premarshalling_astar,0.51022,2.28,0.8,True,
pop_9_op_m1_n12_250821_191812,premarshalling_astar,0.30117,3.5,0.75,True,
pop_9_op_m1_n11_250821_191812,premarshalling_astar,0.24922,1.5,0.75,True,
pop_9_op_m1_n10_250821_191812,premarshalling_astar,0.48307,1.5,0.7,True,
pop_9_op_m1_n0_250821_191812,premarshalling_astar,0.31073,0.5,0.7,True,
pop_9_op_e2_n9_250821_190214,premarshalling_astar,8.94623,11.615222,0.85,True,
pop_9_op_e2_n8_250821_190214,premarshalling_astar,8.79957,0.5,0.7,True,
pop_9_op_m1_n13_250821_191812,premarshalling_astar,8.79957,0.5,0.75,True,
pop_9_op_e2_n7_250821_190214,premarshalling_astar,13.9329,1.5,0.7,True,
pop_9_op_e2_n5_250821_190214,premarshalling_astar,6.78846,0.5,0.75,True,
pop_9_op_e2_n4_250821_190214,premarshalling_astar,7.78846,0.65,0.7,True,
pop_9_op_e2_n3_250821_190214,premarshalling_astar,3.05889,0.46205,0.85,True,
pop_0_op_e1_n9_250825_101251,premarshalling_astar,8.81957,0.284265,0.7,True,
pop_9_op_e2_n2_250821_190214,premarshalling_astar,8.81957,0.6,0.75,True,
pop_9_op_e2_n1_250821_190214,premarshalling_astar,8.79957,1.5,0.75,True,
pop_9_op_e2_n6_250821_190214,premarshalling_astar,10.69957,1.5,0.7,True,
pop_9_op_m1_n15_250821_191812,premarshalling_astar,0.66943,1.5,0.75,True,
pop_9_op_m1_n16_250821_191812,premarshalling_astar,2.09096,0.25,0.75,True,
pop_9_op_m1_n17_250821_191812,premarshalling_astar,4.285,0.46205,0.9,True,
pop_9_op_m2_n14_250821_192903,premarshalling_astar,0.33863,0.785,0.85,True,
pop_9_op_m2_n13_250821_192903,premarshalling_astar,0.35517,0.5,0.75,True,
pop_9_op_m2_n12_250821_192903,premarshalling_astar,0.43899,0.6,0.75,True,
pop_9_op_m2_n11_250821_192903,premarshalling_astar,5.41,0.6,0.8,True,
pop_9_op_m2_n10_250821_192903,premarshalling_astar,5.41,0.35,0.65,True,
pop_9_op_m2_n0_250821_192903,premarshalling_astar,0.43995,6.0,0.75,True,
pop_9_op_m1_n9_250821_191812,premarshalling_astar,0.75551,1.5,0.75,True,
pop_9_op_m1_n7_250821_191812,premarshalling_astar,8.79957,7.816,0.9,True,
pop_9_op_m1_n6_250821_191812,premarshalling_astar,0.61245,1.5,0.75,True,
pop_9_op_m1_n5_250821_191812,premarshalling_astar,0.75832,1.5,0.7,True,
pop_9_op_m1_n4_250821_191812,premarshalling_astar,0.34323,0.7,0.85,True,
pop_9_op_m1_n3_250821_191812,premarshalling_astar,0.33863,6.0,0.75,True,
pop_9_op_m1_n2_250821_191812,premarshalling_astar,0.66943,1.5,0.75,True,
pop_9_op_m1_n1_250821_191812,premarshalling_astar,4.02417,0.3,0.75,True,
pop_9_op_m1_n18_250821_191812,premarshalling_astar,0.10648,1.5,0.75,True,
pop_9_op_m2_n16_250821_192903,premarshalling_astar,0.19343,0.722576,0.65,True,
pop_0_op_e2_n0_250825_102931,premarshalling_astar,4.35008,1.5,0.75,True,
pop_0_op_i1_n3_250825_093130,premarshalling_astar,1.55343,1.0,0.85,True,
pop_0_op_e2_n11_250825_102931,premarshalling_astar,0.66125,0.3,0.75,True,
pop_0_op_i1_n8_250825_093130,premarshalling_astar,8.79957,4.964585,0.8,True,
pop_0_op_i1_n7_250825_095101,premarshalling_astar,10.69957,0.25,0.75,True,
pop_0_op_i1_n7_250825_093130,premarshalling_astar,1.12468,2.5,0.7,True,
pop_0_op_i1_n6_250825_095101,premarshalling_astar,10.69957,0.6,0.75,True,
pop_0_op_i1_n6_250825_093130,premarshalling_astar,8.79957,0.5,0.7,True,
pop_0_op_i1_n5_250825_095101,premarshalling_astar,8.79957,0.3,0.75,True,
pop_0_op_i1_n8_250825_095101,premarshalling_astar,10.69957,0.248708,0.95,True,
pop_0_op_i1_n4_250825_095101,premarshalling_astar,10.69957,2.5,0.75,True,
pop_0_op_i1_n3_250825_095101,premarshalling_astar,10.69957,0.5,0.75,True,
pop_0_op_i1_n2_250825_095101,premarshalling_astar,4.23167,0.2,0.75,True,
pop_0_op_i1_n2_250825_093130,premarshalling_astar,10.69957,0.5,0.7,True,
pop_0_op_i1_n1_250825_095101,premarshalling_astar,10.69957,0.2,0.75,True,
pop_0_op_i1_n1_250825_093130,premarshalling_astar,8.79957,0.284265,0.65,True,
pop_0_op_i1_n19_250825_095101,premarshalling_astar,8.79957,0.5,0.6,True,
pop_0_op_i1_n4_250825_093130,premarshalling_astar,5.35667,1.0648,0.85,True,
pop_0_op_i1_n19_250825_093130,premarshalling_astar,5.021,0.5,0.6,True,
pop_0_op_i1_n9_250825_093130,premarshalling_astar,13.9329,0.08148,0.75,True,
pop_0_op_m1_n0_250825_104303,premarshalling_astar,0.66943,0.3,0.85,True,
pop_0_op_m1_n3_250825_104303,premarshalling_astar,2.0229,0.3,0.75,True,
pop_0_op_m1_n2_250825_104303,premarshalling_astar,0.46205,0.5,0.75,True,
pop_9_op_e2_n18_250821_190214,premarshalling_astar,8.42635,0.6,0.75,True,
pop_0_op_m1_n1_250825_104303,premarshalling_astar,8.86623,0.25,0.6,True,
pop_0_op_m1_n19_250825_104303,premarshalling_astar,0.46886,0.5,0.7,True,
pop_0_op_m1_n18_250825_104303,premarshalling_astar,0.99135,5.6,0.7,True,
pop_0_op_i1_n9_250825_095101,premarshalling_astar,13.9329,0.75,0.85,True,
pop_0_op_m1_n17_250825_104303,premarshalling_astar,0.51852,0.5,0.7,True,
pop_0_op_m1_n15_250825_104303,premarshalling_astar,1.52363,5.86728,0.9,True,
pop_0_op_m1_n14_250825_104303,premarshalling_astar,1.66723,0.6,0.75,True,
pop_0_op_m1_n13_250825_104303,premarshalling_astar,2.43378,0.6,0.85,True,
pop_0_op_m1_n12_250825_104303,premarshalling_astar,0.67559,2.0,0.75,True,
pop_0_op_m1_n11_250825_104303,premarshalling_astar,10.69957,0.6,0.75,True,
pop_0_op_m1_n10_250825_104303,premarshalling_astar,0.37855,0.65,0.75,True,
pop_0_op_m1_n16_250825_104303,premarshalling_astar,0.48407,2.5,0.75,True,
pop_0_op_i1_n18_250825_095101,premarshalling_astar,9.64623,1.2,0.75,True,
pop_0_op_i1_n18_250825_093130,premarshalling_astar,8.79957,10.866235,0.75,True,
pop_0_op_i1_n17_250825_095101,premarshalling_astar,6.33528,0.5,0.6,True,
pop_0_op_e2_n7_250825_102931,premarshalling_astar,0.81762,0.32,0.75,True,
pop_0_op_e2_n6_250825_102931,premarshalling_astar,0.50553,0.3,0.7,True,
pop_0_op_e2_n5_250825_102931,premarshalling_astar,0.67559,0.6,0.85,True,
pop_0_op_e2_n4_250825_102931,premarshalling_astar,1.87638,0.7,0.85,True,
pop_0_op_e2_n3_250825_102931,premarshalling_astar,0.40537,0.5,0.7,True,
pop_0_op_e2_n2_250825_102931,premarshalling_astar,1.2296,0.5,0.6,True,
pop_0_op_e2_n8_250825_102931,premarshalling_astar,3.56764,0.75,0.6,True,
pop_0_op_e2_n1_250825_102931,premarshalling_astar,10.69957,4.453025,0.7,True,
pop_0_op_e2_n18_250825_102931,premarshalling_astar,8.57814,0.7,0.65,True,
pop_0_op_e2_n17_250825_102931,premarshalling_astar,0.45613,2.5,0.75,True,
pop_0_op_e2_n16_250825_102931,premarshalling_astar,1.06483,6.0,0.75,True,
pop_0_op_e2_n15_250825_102931,premarshalling_astar,8.79957,0.25,0.75,True,
pop_0_op_e2_n13_250825_102931,premarshalling_astar,1.07883,0.5,0.75,True,
pop_0_op_e2_n12_250825_102931,premarshalling_astar,2.05858,0.3,0.75,True,
pop_0_op_e2_n19_250825_102931,premarshalling_astar,13.9329,0.5,0.6,True,
pop_0_op_e2_n9_250825_102931,premarshalling_astar,1.30565,1.5,0.75,True,
pop_0_op_i1_n0_250825_093130,premarshalling_astar,5.021,1.5,0.75,True,
pop_0_op_i1_n0_250825_095101,premarshalling_astar,4.23167,0.7,0.85,True,
pop_0_op_i1_n17_250825_093130,premarshalling_astar,10.69957,0.5,0.75,True,
pop_0_op_i1_n16_250825_095101,premarshalling_astar,6.33528,0.25,0.8,True,
pop_0_op_i1_n16_250825_093130,premarshalling_astar,10.69957,4.453025,0.7,True,
pop_0_op_i1_n15_250825_095101,premarshalling_astar,13.9329,3.7,0.75,True,
pop_0_op_i1_n15_250825_093130,premarshalling_astar,2.39512,0.7,0.85,True,
pop_0_op_i1_n14_250825_095101,premarshalling_astar,10.69957,1.5,0.7,True,
pop_0_op_i1_n14_250825_093130,premarshalling_astar,13.9329,0.6,0.75,True,
pop_0_op_i1_n13_250825_095101,premarshalling_astar,10.69957,1.5,0.7,True,
pop_0_op_i1_n13_250825_093130,premarshalling_astar,0.98918,2.5,0.75,True,
pop_0_op_i1_n12_250825_095101,premarshalling_astar,5.35667,0.3,0.75,True,
pop_0_op_i1_n12_250825_093130,premarshalling_astar,10.69957,0.6,0.75,True,
pop_0_op_i1_n11_250825_095101,premarshalling_astar,8.8529,0.5,0.7,True,
pop_0_op_i1_n11_250825_093130,premarshalling_astar,10.69957,0.75,0.8,True,
pop_0_op_i1_n10_250825_095101,premarshalling_astar,10.69957,9.1468,0.75,True,
pop_0_op_i1_n10_250825_093130,premarshalling_astar,1.1281,0.6,0.75,True,
pop_0_op_e2_n10_250825_102931,premarshalling_astar,0.33772,0.6,0.85,True,
pop_9_op_e2_n17_250821_190214,premarshalling_astar,6.35528,1.5,0.75,True,
pop_8_op_e1_n14_250821_181016,premarshalling_astar,0.56721,1.5,0.7,True,
pop_9_op_e2_n14_250821_190214,premarshalling_astar,0.66246,1.5,0.75,True,
pop_8_op_e1_n15_250821_181016,premarshalling_astar,0.47169,5.0,0.7,True,
pop_8_op_e1_n13_250821_181016,premarshalling_astar,5.35528,1.5,0.75,True,
pop_8_op_e1_n12_250821_181016,premarshalling_astar,0.38245,0.5,0.75,True,
pop_8_op_e1_n11_250821_181016,premarshalling_astar,8.81957,2.5,0.7,True,
pop_8_op_e1_n10_250821_181016,premarshalling_astar,0.82119,0.5,0.6,True,
pop_8_op_e1_n0_250821_181016,premarshalling_astar,0.52613,0.75,0.6,True,
pop_8_op_e1_n17_250821_181016,premarshalling_astar,0.56323,1.5,0.75,True,
pop_7_op_m2_n9_250821_180122,premarshalling_astar,0.33863,0.15,0.75,True,
pop_7_op_m2_n7_250821_180122,premarshalling_astar,0.29644,2.0,0.65,True,
pop_7_op_m2_n6_250821_180122,premarshalling_astar,0.32351,1.2851,0.9,True,
pop_7_op_m2_n5_250821_180122,premarshalling_astar,0.1287,0.15,0.8,True,
pop_7_op_m2_n4_250821_180122,premarshalling_astar,0.5838,5.314,0.78,True,
pop_7_op_m2_n3_250821_180122,premarshalling_astar,0.33863,0.25,0.75,True,
pop_7_op_m2_n2_250821_180122,premarshalling_astar,0.34323,3.539441,0.85,True,
pop_7_op_m2_n8_250821_180122,premarshalling_astar,1.15866,0.5,0.7,True,
pop_7_op_m2_n1_250821_180122,premarshalling_astar,0.38022,1.5,0.75,True,
pop_8_op_e1_n18_250821_181016,premarshalling_astar,10.7329,1.5,0.85,True,
pop_8_op_e1_n1_250821_181016,premarshalling_astar,10.69957,8.0,0.7,True,
pop_8_op_e2_n17_250821_182057,premarshalling_astar,8.79957,0.5,0.7,True,
pop_8_op_e2_n16_250821_182057,premarshalling_astar,6.33528,1.5,0.8,True,
pop_8_op_e2_n15_250821_182057,premarshalling_astar,13.9329,0.5,0.7,True,
pop_8_op_e2_n14_250821_182057,premarshalling_astar,0.38529,1.5,0.75,True,
pop_8_op_e2_n11_250821_182057,premarshalling_astar,0.53038,6.5,0.75,True,
pop_8_op_e2_n10_250821_182057,premarshalling_astar,0.61337,2.5,0.75,True,
pop_8_op_e1_n19_250821_181016,premarshalling_astar,9.54957,0.5,0.6,True,
pop_8_op_e2_n0_250821_182057,premarshalling_astar,7.66957,1.5,0.75,True,
pop_8_op_e1_n8_250821_181016,premarshalling_astar,0.63281,0.5,0.7,True,
pop_8_op_e1_n7_250821_181016,premarshalling_astar,0.37466,0.5,0.75,True,
pop_8_op_e1_n6_250821_181016,premarshalling_astar,8.79957,0.5,0.75,True,
pop_8_op_e1_n5_250821_181016,premarshalling_astar,8.79957,0.7,0.6,True,
pop_8_op_e1_n3_250821_181016,premarshalling_astar,0.32906,7.01969,0.85,True,
pop_8_op_e1_n2_250821_181016,premarshalling_astar,0.53236,0.5,0.6,True,
pop_8_op_e1_n9_250821_181016,premarshalling_astar,0.33988,6.0,0.75,True,
pop_8_op_e2_n18_250821_182057,premarshalling_astar,10.69957,0.6,0.75,True,
pop_7_op_m2_n19_250821_180122,premarshalling_astar,0.35252,10.7463,0.7,True,
pop_7_op_m2_n17_250821_180122,premarshalling_astar,0.28041,0.5,0.75,True,
pop_7_op_m1_n18_250821_175151,premarshalling_astar,0.33863,0.25,0.75,True,
pop_7_op_m1_n17_250821_175151,premarshalling_astar,3.18175,0.35,0.7,True,
pop_7_op_m1_n16_250821_175151,premarshalling_astar,0.50641,4.5,0.7,True,
pop_7_op_m1_n15_250821_175151,premarshalling_astar,8.79957,7.58125,0.6,True,
pop_7_op_m1_n14_250821_175151,premarshalling_astar,0.35517,0.65,0.75,True,
pop_7_op_m1_n13_250821_175151,premarshalling_astar,0.28394,1.5,0.75,True,
pop_7_op_m1_n19_250821_175151,premarshalling_astar,0.11557,5.0,0.85,True,
pop_7_op_m1_n12_250821_175151,premarshalling_astar,11.2529,0.6,0.75,True,
pop_7_op_m1_n10_250821_175151,premarshalling_astar,0.28903,1.5,0.95,True,
pop_7_op_m1_n0_250821_175151,premarshalling_astar,0.52431,1.5,0.85,True,
pop_7_op_e2_n9_250821_173739,premarshalling_astar,0.33177,1.5,0.75,True,
pop_7_op_e2_n8_250821_173739,premarshalling_astar,1.2851,2.5,0.6,True,
pop_0_op_m1_n4_250825_104303,premarshalling_astar,0.301,1.5,0.7,True,
pop_7_op_e2_n7_250821_173739,premarshalling_astar,2.62203,5.0,0.7,True,
pop_7_op_m1_n11_250821_175151,premarshalling_astar,0.41267,0.675,0.8,True,
pop_7_op_m2_n18_250821_180122,premarshalling_astar,0.31117,1.5,0.75,True,
pop_7_op_m1_n1_250821_175151,premarshalling_astar,8.79957,1.5,0.7,True,
pop_7_op_m1_n3_250821_175151,premarshalling_astar,0.66943,0.74903,0.6,True,
pop_7_op_m2_n16_250821_180122,premarshalling_astar,8.79957,0.7,0.8,True,
pop_7_op_m2_n15_250821_180122,premarshalling_astar,0.28628,1.5,0.75,True,
pop_9_op_m2_n1_251008_132009,puzzle_astar,2.5337,1.2,0.8,True,
pop_9_op_m2_n18_251008_132009,puzzle_astar,0.83429,1.8,0.8,True,
pop_9_op_m2_n2_251008_132009,puzzle_astar,1.78586,1.2,0.8,True,
pop_9_op_m2_n17_251008_132009,puzzle_astar,1.03766,2.18,0.9,True,
pop_9_op_m2_n19_251008_132009,puzzle_astar,0.90784,1.5,0.75,True,
pop_9_op_m2_n0_251008_132009,puzzle_astar,0.76871,2.1,0.8,True,
pop_9_op_m2_n15_251008_132009,puzzle_astar,2.5337,2.193,0.8,True,
pop_9_op_m2_n14_251008_132009,puzzle_astar,1.34777,2.35,0.9,True,
pop_9_op_m2_n13_251008_132009,puzzle_astar,2.5337,1.3069,0.85,True,
pop_9_op_m2_n12_251008_132009,puzzle_astar,1.1891,1.2,0.9,True,
pop_9_op_m2_n11_251008_132009,puzzle_astar,0.91228,2.5,0.75,True,
pop_9_op_m2_n10_251008_132009,puzzle_astar,0.90784,1.25,0.85,True,
pop_9_op_m2_n3_251008_132009,puzzle_astar,0.91228,2.1,0.85,True,
pop_9_op_m2_n16_251008_132009,puzzle_astar,1.42212,1.3041,0.95,True,
pop_9_op_m2_n4_251008_132009,puzzle_astar,2.5337,1.074,0.7,True,
pop_9_op_e2_n10_251008_122237,puzzle_astar,2.31592,1.9,0.7,True,
pop_9_op_m2_n6_251008_132009,puzzle_astar,2.01919,1.2,0.95,True,
pop_0_op_e1_n1_251017_013915,puzzle_astar,2.5337,1.2,0.85,True,
pop_0_op_e1_n19_251017_013915,puzzle_astar,2.5337,1.93442,0.75,True,
pop_9_op_m1_n9_251008_125044,puzzle_astar,1.28744,1.2,0.9,True,
pop_0_op_e1_n18_251017_013915,puzzle_astar,1.79143,1.9,0.8,True,
pop_0_op_e1_n17_251017_013915,puzzle_astar,2.5337,1.9,0.85,True,
pop_0_op_e1_n16_251017_013915,puzzle_astar,2.5337,1.0,0.95,True,
pop_0_op_e1_n15_251017_013915,puzzle_astar,2.5337,2.9,0.85,True,
pop_9_op_m2_n5_251008_132009,puzzle_astar,2.5337,1.2,0.7,True,
pop_0_op_e1_n14_251017_013915,puzzle_astar,2.5337,1.9,0.85,True,
pop_0_op_e1_n12_251017_013915,puzzle_astar,2.5337,1.9,0.8,True,
pop_0_op_e1_n11_251017_013915,puzzle_astar,2.5337,2.283165,0.9,True,
pop_0_op_e1_n10_251017_013915,puzzle_astar,2.5337,2.2,0.85,True,
pop_0_op_e1_n0_251017_013915,puzzle_astar,2.5337,1.2,0.9,True,
pop_9_op_m2_n9_251008_132009,puzzle_astar,2.5337,1.0,0.8,True,
pop_9_op_m2_n8_251008_132009,puzzle_astar,1.74981,1.25,0.95,True,
pop_9_op_m2_n7_251008_132009,puzzle_astar,2.5337,1.2,0.8,True,
pop_0_op_e1_n13_251017_013915,puzzle_astar,2.5337,1.5,0.75,True,
pop_9_op_m1_n8_251008_125044,puzzle_astar,2.5337,1.5,0.85,True,
pop_9_op_e2_n15_251008_122237,puzzle_astar,2.16457,1.2,0.75,True,
pop_9_op_m1_n6_251008_125044,puzzle_astar,2.28926,1.2,0.75,True,
pop_9_op_e2_n5_251008_122237,puzzle_astar,2.5337,2.1,0.8,True,
pop_9_op_e2_n0_251008_122237,puzzle_astar,2.20978,1.5,0.7,True,
pop_9_op_e2_n4_251008_122237,puzzle_astar,2.5337,1.2,0.75,True,
pop_9_op_e2_n3_251008_122237,puzzle_astar,1.61556,1.25,0.9,True,
pop_9_op_e2_n2_251008_122237,puzzle_astar,1.39022,1.5894,0.75,True,
pop_9_op_e2_n1_251008_122237,puzzle_astar,2.63191,1.26191,0.85,True,
pop_9_op_e2_n19_251008_122237,puzzle_astar,2.5337,1.2,0.9,True,
pop_9_op_e2_n18_251008_122237,puzzle_astar,2.5337,1.2009,0.85,True,
pop_9_op_e2_n17_251008_122237,puzzle_astar,0.5894,1.2,0.8,True,
pop_9_op_e2_n16_251008_122237,puzzle_astar,2.5337,1.2,0.75,True,
pop_9_op_e2_n14_251008_122237,puzzle_astar,2.37694,2.28317,0.75,True,
pop_9_op_e2_n13_251008_122237,puzzle_astar,2.01919,1.2,0.9,True,
pop_9_op_e2_n12_251008_122237,puzzle_astar,2.5337,1.5,0.85,True,
pop_9_op_e2_n11_251008_122237,puzzle_astar,1.4442,2.1,0.75,True,
pop_0_op_e1_n2_251017_013915,puzzle_astar,2.5337,1.9,0.85,True,
pop_9_op_e2_n7_251008_122237,puzzle_astar,1.48214,2.1,0.8,True,
pop_9_op_m1_n7_251008_125044,puzzle_astar,2.5337,1.43044,0.9,True,
pop_9_op_e2_n8_251008_122237,puzzle_astar,2.11124,1.0,0.95,True,
pop_9_op_m1_n0_251008_125044,puzzle_astar,2.5337,2.1,0.85,True,
pop_9_op_m1_n5_251008_125044,puzzle_astar,2.27656,1.93442,0.85,True,
pop_9_op_m1_n4_251008_125044,puzzle_astar,1.74981,1.2,0.85,True,
pop_9_op_m1_n3_251008_125044,puzzle_astar,2.5337,1.9,0.85,True,
pop_9_op_m1_n2_251008_125044,puzzle_astar,2.5337,1.2,0.8,True,
pop_9_op_m1_n1_251008_125044,puzzle_astar,2.5337,1.7,0.85,True,
pop_9_op_m1_n19_251008_125044,puzzle_astar,2.21261,1.7,0.8,True,
pop_9_op_m1_n18_251008_125044,puzzle_astar,2.5337,1.2,0.8,True,
pop_9_op_m1_n17_251008_125044,puzzle_astar,2.01919,0.7,0.8,True,
pop_9_op_m1_n16_251008_125044,puzzle_astar,2.03474,1.2,0.85,True,
pop_9_op_m1_n15_251008_125044,puzzle_astar,2.5337,1.2,0.9,True,
pop_9_op_m1_n14_251008_125044,puzzle_astar,1.93442,2.1,0.75,True,
pop_9_op_m1_n13_251008_125044,puzzle_astar,2.5337,1.2,0.8,True,
pop_9_op_m1_n12_251008_125044,puzzle_astar,0.91527,2.1,0.8,True,
pop_9_op_m1_n11_251008_125044,puzzle_astar,2.5337,2.4,0.8,True,
pop_9_op_m1_n10_251008_125044,puzzle_astar,0.91228,1.0,0.95,True,
pop_9_op_e2_n9_251008_122237,puzzle_astar,2.37694,1.2,0.85,True,
pop_0_op_e1_n3_251017_013915,puzzle_astar,2.5337,1.9,0.8,True,
pop_0_op_m1_n13_251017_184642,puzzle_astar,2.01919,1.2,0.8,True,
pop_0_op_e1_n5_251017_013915,puzzle_astar,2.5337,1.2,0.85,True,
pop_0_op_i1_n5_251016_195425,puzzle_astar,2.20381,2.3,0.85,True,
pop_0_op_i1_n5_251016_142943,puzzle_astar,2.20381,2.5905,0.75,True,
pop_0_op_i1_n4_251016_195425,puzzle_astar,2.20381,2.1,0.95,True,
pop_0_op_i1_n4_251016_142943,puzzle_astar,2.20381,2.4,0.9,True,
pop_0_op_i1_n3_251016_195425,puzzle_astar,2.20381,2.0,0.9,True,
pop_0_op_i1_n3_251016_142943,puzzle_astar,2.20381,1.9,0.85,True,
pop_0_op_i1_n2_251016_195425,puzzle_astar,2.20381,2.5,0.9,True,
pop_0_op_i1_n2_251016_142943,puzzle_astar,2.20381,1.9,0.8,True,
pop_0_op_i1_n1_251016_195425,puzzle_astar,2.5337,2.1,0.85,True,
pop_0_op_i1_n19_251016_195425,puzzle_astar,2.20381,2.5,0.95,True,
pop_0_op_i1_n18_251016_142943,puzzle_astar,2.5337,2.5,0.8,True,
pop_0_op_i1_n17_251016_195425,puzzle_astar,2.5337,1.2,0.8,True,
pop_0_op_i1_n17_251016_142943,puzzle_astar,2.5337,2.1,0.9,True,
pop_0_op_i1_n16_251016_195425,puzzle_astar,2.20381,0.9,0.95,True,
pop_0_op_i1_n16_251016_142943,puzzle_astar,2.20381,0.7,0.9,True,
pop_0_op_i1_n6_251016_142943,puzzle_astar,2.20381,2.5,0.9,True,
pop_0_op_i1_n15_251016_195425,puzzle_astar,2.20381,1.93442,0.7,True,
pop_0_op_i1_n6_251016_195425,puzzle_astar,2.5337,1.25,0.9,True,
pop_0_op_i1_n7_251016_195425,puzzle_astar,2.5337,2.0,0.9,True,
pop_0_op_m1_n18_251017_184642,puzzle_astar,1.87971,1.95,0.85,True,
pop_9_op_e1_n9_251008_115314,puzzle_astar,0.72853,1.98,0.85,True,
pop_0_op_m1_n17_251017_184642,puzzle_astar,2.27148,1.2,0.8,True,
pop_0_op_m1_n19_251017_184642,puzzle_astar,2.20381,2.1,0.85,True,
pop_0_op_m1_n16_251017_184642,puzzle_astar,2.5337,2.1,0.9,True,
pop_0_op_m1_n15_251017_184642,puzzle_astar,2.5337,1.89,0.75,True,
pop_0_op_m1_n14_251017_184642,puzzle_astar,2.20381,2.5,0.9,True,
pop_0_op_m1_n12_251017_184642,puzzle_astar,2.18205,2.1,0.85,True,
pop_0_op_m1_n11_251017_184642,puzzle_astar,2.01919,1.93442,0.85,True,
pop_0_op_m1_n10_251017_184642,puzzle_astar,2.0246,2.5828,0.9,True,
pop_0_op_m1_n0_251017_184642,puzzle_astar,1.60495,1.9,0.85,True,
pop_0_op_i1_n9_251016_195425,puzzle_astar,2.20381,1.9,0.8,True,
pop_0_op_i1_n9_251016_142943,puzzle_astar,2.20381,2.5337,1.0,True,
pop_0_op_i1_n8_251016_195425,puzzle_astar,2.20381,1.9,0.9,True,
pop_0_op_i1_n8_251016_142943,puzzle_astar,2.20381,1.2459,0.9,True,
pop_0_op_i1_n7_251016_142943,puzzle_astar,2.20381,1.245,0.95,True,
pop_0_op_e1_n4_251017_013915,puzzle_astar,2.37694,2.91859,0.75,True,
pop_0_op_i1_n15_251016_142943,puzzle_astar,2.5337,1.93442,0.95,True,
pop_0_op_i1_n14_251016_142943,puzzle_astar,2.20381,1.93442,0.85,True,
pop_0_op_e2_n19_251017_094358,puzzle_astar,2.5337,1.0,0.95,True,
pop_0_op_e2_n18_251017_094358,puzzle_astar,2.5337,1.2,0.85,True,
pop_0_op_e2_n17_251017_094358,puzzle_astar,2.5337,1.5,0.8,True,
pop_0_op_e2_n16_251017_094358,puzzle_astar,2.37694,2.1,0.75,True,
pop_0_op_e2_n15_251017_094358,puzzle_astar,2.5337,1.2,0.85,True,
pop_0_op_e2_n14_251017_094358,puzzle_astar,2.5337,2.5,0.9,True,
pop_0_op_e2_n13_251017_094358,puzzle_astar,2.5337,1.2,0.8,True,
pop_0_op_e2_n12_251017_094358,puzzle_astar,1.33556,1.0,0.9,True,
pop_0_op_e2_n11_251017_094358,puzzle_astar,2.0088,1.9,0.85,True,
pop_0_op_e2_n10_251017_094358,puzzle_astar,2.20381,1.0,0.95,True,
pop_0_op_e2_n0_251017_094358,puzzle_astar,2.5337,1.2,0.8,True,
pop_0_op_e1_n9_251017_013915,puzzle_astar,2.5337,2.1,0.85,True,
pop_0_op_e1_n8_251017_013915,puzzle_astar,2.5337,1.9,0.85,True,
pop_0_op_e1_n7_251017_013915,puzzle_astar,2.5337,1.2,0.9,True,
pop_0_op_e1_n6_251017_013915,puzzle_astar,2.5337,1.56155,0.7,True,
pop_0_op_e2_n1_251017_094358,puzzle_astar,2.5337,1.2,0.8,True,
pop_0_op_i1_n14_251016_195425,puzzle_astar,2.20381,0.9,0.95,True,
pop_0_op_e2_n2_251017_094358,puzzle_astar,1.74981,2.21,0.85,True,
pop_0_op_e2_n4_251017_094358,puzzle_astar,2.5337,2.159,0.75,True,
pop_0_op_i1_n13_251016_195425,puzzle_astar,2.20381,2.5337,1.0,True,
pop_0_op_i1_n13_251016_142943,puzzle_astar,2.20381,1.29104,0.75,True,
pop_0_op_i1_n12_251016_195425,puzzle_astar,2.5337,1.93442,0.85,True,
pop_0_op_i1_n12_251016_142943,puzzle_astar,2.20381,1.2,0.9,True,
pop_0_op_i1_n11_251016_195425,puzzle_astar,2.20381,1.25,0.9,True,
pop_0_op_i1_n11_251016_142943,puzzle_astar,2.5337,2.5,0.8,True,
pop_0_op_i1_n10_251016_195425,puzzle_astar,2.20381,1.93442,0.95,True,
pop_0_op_i1_n10_251016_142943,puzzle_astar,2.20381,2.5337,0.95,True,
pop_0_op_i1_n0_251016_195425,puzzle_astar,2.20381,2.0,0.9,True,
pop_0_op_i1_n0_251016_142943,puzzle_astar,2.5337,1.2,0.75,True,
pop_0_op_e2_n9_251017_094358,puzzle_astar,2.5337,1.2,0.9,True,
pop_0_op_e2_n8_251017_094358,puzzle_astar,2.5337,1.0,0.95,True,
pop_0_op_e2_n7_251017_094358,puzzle_astar,2.20381,1.7,0.9,True,
pop_0_op_e2_n6_251017_094358,puzzle_astar,1.79143,1.25,0.8,True,
pop_0_op_e2_n5_251017_094358,puzzle_astar,2.20381,1.6,0.8,True,
pop_0_op_e2_n3_251017_094358,puzzle_astar,2.5337,2.1,0.85,True,
pop_9_op_e1_n8_251008_115314,puzzle_astar,2.38235,2.2,0.85,True,
pop_7_op_e2_n6_251008_083110,puzzle_astar,2.20381,1.25,0.85,True,
pop_9_op_e1_n6_251008_115314,puzzle_astar,2.5337,1.9,0.8,True,
pop_7_op_m2_n9_251008_092925,puzzle_astar,0.96059,2.1,0.9,True,
pop_7_op_m2_n8_251008_092925,puzzle_astar,0.91935,1.924,0.75,True,
pop_7_op_m2_n7_251008_092925,puzzle_astar,2.37694,1.2,0.7,True,
pop_7_op_m2_n6_251008_092925,puzzle_astar,1.61556,1.5,0.75,True,
pop_7_op_m2_n5_251008_092925,puzzle_astar,1.2181,1.2736,0.85,True,
pop_7_op_m2_n4_251008_092925,puzzle_astar,0.76871,1.3,0.85,True,
pop_7_op_m2_n3_251008_092925,puzzle_astar,2.5337,1.95,0.75,True,
pop_7_op_m2_n2_251008_092925,puzzle_astar,2.2888,2.1,0.85,True,
pop_7_op_m2_n1_251008_092925,puzzle_astar,2.1325,1.7,0.8,True,
pop_7_op_m2_n19_251008_092925,puzzle_astar,2.37694,1.2,0.9,True,
pop_7_op_m2_n18_251008_092925,puzzle_astar,1.40508,1.293,0.85,True,
pop_7_op_m2_n17_251008_092925,puzzle_astar,1.18465,1.2,0.95,True,
pop_7_op_m2_n16_251008_092925,puzzle_astar,0.91935,1.35,0.9,True,
pop_7_op_m2_n15_251008_092925,puzzle_astar,1.43496,1.2,0.8,True,
pop_7_op_m2_n14_251008_092925,puzzle_astar,2.03919,1.2,0.7,True,
pop_8_op_e1_n0_251008_095853,puzzle_astar,2.5337,2.1,0.8,True,
pop_7_op_m2_n13_251008_092925,puzzle_astar,1.09266,2.15,0.85,True,
pop_8_op_e1_n10_251008_095853,puzzle_astar,0.83429,1.29,0.75,True,
pop_8_op_e1_n12_251008_095853,puzzle_astar,2.32037,0.925,0.85,True,
pop_8_op_e1_n8_251008_095853,puzzle_astar,2.40013,1.2,0.8,True,
pop_8_op_e1_n7_251008_095853,puzzle_astar,2.5337,1.291,0.75,True,
pop_8_op_e1_n6_251008_095853,puzzle_astar,1.93442,1.610655,0.85,True,
pop_8_op_e1_n5_251008_095853,puzzle_astar,2.5337,1.93,0.95,True,
pop_8_op_e1_n4_251008_095853,puzzle_astar,2.5337,1.5,0.8,True,
pop_8_op_e1_n3_251008_095853,puzzle_astar,1.54474,1.7,0.85,True,
pop_8_op_e1_n2_251008_095853,puzzle_astar,2.5337,1.2,0.75,True,
pop_8_op_e1_n1_251008_095853,puzzle_astar,1.0242,1.93,0.85,True,
pop_8_op_e1_n19_251008_095853,puzzle_astar,2.5337,1.202153,0.75,True,
pop_8_op_e1_n18_251008_095853,puzzle_astar,2.5337,1.25,0.75,True,
pop_8_op_e1_n17_251008_095853,puzzle_astar,2.5337,1.9,0.8,True,
pop_8_op_e1_n16_251008_095853,puzzle_astar,1.93442,1.2,0.85,True,
pop_8_op_e1_n15_251008_095853,puzzle_astar,2.5337,1.2,0.85,True,
pop_8_op_e1_n14_251008_095853,puzzle_astar,2.37694,2.1,0.8,True,
pop_8_op_e1_n13_251008_095853,puzzle_astar,1.51096,1.9,0.85,True,
pop_8_op_e1_n11_251008_095853,puzzle_astar,2.5337,2.1,0.8,True,
pop_8_op_e1_n9_251008_095853,puzzle_astar,2.5337,1.93442,0.75,True,
pop_7_op_m2_n12_251008_092925,puzzle_astar,1.74981,1.29,0.85,True,
pop_7_op_m2_n10_251008_092925,puzzle_astar,2.5337,1.2,0.85,True,
pop_7_op_m1_n10_251008_085951,puzzle_astar,1.89156,1.2,0.7,True,
pop_7_op_m1_n0_251008_085951,puzzle_astar,1.30441,2.4,0.85,True,
pop_7_op_e2_n9_251008_083110,puzzle_astar,2.5337,1.89,0.85,True,
pop_7_op_e2_n8_251008_083110,puzzle_astar,2.5337,2.1,0.85,True,
pop_7_op_e2_n7_251008_083110,puzzle_astar,1.33068,1.2,0.9,True,
pop_7_op_e2_n5_251008_083110,puzzle_astar,2.5337,1.0,0.9,True,
pop_7_op_e2_n4_251008_083110,puzzle_astar,2.5337,1.8,0.8,True,
pop_7_op_e2_n3_251008_083110,puzzle_astar,2.27148,1.0,0.95,True,
pop_7_op_e2_n2_251008_083110,puzzle_astar,1.15718,1.2,0.75,True,
pop_7_op_e2_n1_251008_083110,puzzle_astar,1.74981,2.1,0.9,True,
pop_7_op_e2_n19_251008_083110,puzzle_astar,2.5337,1.2,0.85,True,
