raw_app_type,heuristic_id,repeat,objective,prediction_raw,prediction_clamped,confidence,parse_ok,parse_error
bin_greedy,pop_4_op_e2_n19_251225_031500,0,0.04226,0.2789,0.2789,0.85,True,
bin_greedy,pop_4_op_e2_n19_251225_031500,1,0.04226,0.2789,0.2789,0.85,True,
bin_greedy,pop_4_op_e2_n19_251225_031500,2,0.04226,0.2789,0.2789,0.85,True,
bin_greedy,pop_4_op_e2_n19_251225_031500,3,0.04226,0.2789,0.2789,0.85,True,
bin_greedy,pop_4_op_e2_n19_251225_031500,4,0.04226,0.2789,0.2789,0.85,True,
bin_greedy,pop_4_op_e2_n19_251225_031500,5,0.04226,0.278,0.278,0.85,True,
bin_greedy,pop_4_op_e2_n19_251225_031500,6,0.04226,0.2879,0.2879,0.85,True,
bin_greedy,pop_4_op_e2_n19_251225_031500,7,0.04226,0.2789,0.2789,0.85,True,
bin_greedy,pop_4_op_e2_n19_251225_031500,8,0.04226,0.2879,0.2879,0.85,True,
bin_greedy,pop_4_op_e2_n19_251225_031500,9,0.04226,0.234,0.234,0.85,True,
bin_greedy,pop_7_op_e2_n2_251225_040818,0,0.02596,0.2789,0.2789,0.85,True,
bin_greedy,pop_7_op_e2_n2_251225_040818,1,0.02596,0.234,0.234,0.75,True,
bin_greedy,pop_7_op_e2_n2_251225_040818,2,0.02596,0.2879,0.2879,0.85,True,
bin_greedy,pop_7_op_e2_n2_251225_040818,3,0.02596,0.2875,0.2875,0.85,True,
bin_greedy,pop_7_op_e2_n2_251225_040818,4,0.02596,0.2879,0.2879,0.85,True,
bin_greedy,pop_7_op_e2_n2_251225_040818,5,0.02596,0.2789,0.2789,0.85,True,
bin_greedy,pop_7_op_e2_n2_251225_040818,6,0.02596,0.2789,0.2789,0.85,True,
bin_greedy,pop_7_op_e2_n2_251225_040818,7,0.02596,0.2789,0.2789,0.85,True,
bin_greedy,pop_7_op_e2_n2_251225_040818,8,0.02596,0.2789,0.2789,0.85,True,
bin_greedy,pop_7_op_e2_n2_251225_040818,9,0.02596,0.2789,0.2789,0.85,True,
bin_greedy,pop_10_op_e1_n11_251224_163329,0,0.03169,0.2879,0.2879,0.85,True,
bin_greedy,pop_10_op_e1_n11_251224_163329,1,0.03169,0.2879,0.2879,0.85,True,
bin_greedy,pop_10_op_e1_n11_251224_163329,2,0.03169,0.2789,0.2789,0.85,True,
bin_greedy,pop_10_op_e1_n11_251224_163329,3,0.03169,0.2789,0.2789,0.85,True,
bin_greedy,pop_10_op_e1_n11_251224_163329,4,0.03169,0.2879,0.2879,0.85,True,
bin_greedy,pop_10_op_e1_n11_251224_163329,5,0.03169,0.2789,0.2789,0.85,True,
bin_greedy,pop_10_op_e1_n11_251224_163329,6,0.03169,0.2879,0.2879,0.85,True,
bin_greedy,pop_10_op_e1_n11_251224_163329,7,0.03169,0.2879,0.2879,0.85,True,
bin_greedy,pop_10_op_e1_n11_251224_163329,8,0.03169,0.2789,0.2789,0.85,True,
bin_greedy,pop_10_op_e1_n11_251224_163329,9,0.03169,0.2879,0.2879,0.85,True,
bin_greedy,pop_8_op_e1_n2_251224_160509,0,0.03179,0.2879,0.2879,0.85,True,
bin_greedy,pop_8_op_e1_n2_251224_160509,1,0.03179,1.0,1.0,,True,Used float fallback (no JSON).
bin_greedy,pop_8_op_e1_n2_251224_160509,2,0.03179,0.2789,0.2789,0.85,True,
bin_greedy,pop_8_op_e1_n2_251224_160509,3,0.03179,0.2789,0.2789,0.85,True,
bin_greedy,pop_8_op_e1_n2_251224_160509,4,0.03179,0.2789,0.2789,0.85,True,
bin_greedy,pop_8_op_e1_n2_251224_160509,5,0.03179,0.2789,0.2789,0.85,True,
bin_greedy,pop_8_op_e1_n2_251224_160509,6,0.03179,0.2879,0.2879,0.85,True,
bin_greedy,pop_8_op_e1_n2_251224_160509,7,0.03179,0.2789,0.2789,0.85,True,
bin_greedy,pop_8_op_e1_n2_251224_160509,8,0.03179,0.2789,0.2789,0.85,True,
bin_greedy,pop_8_op_e1_n2_251224_160509,9,0.03179,0.2789,0.2789,0.85,True,
bin_greedy,pop_1_op_e1_n2_251224_135754,0,0.13211,0.25,0.25,0.8,True,
bin_greedy,pop_1_op_e1_n2_251224_135754,1,0.13211,0.2789,0.2789,0.85,True,
bin_greedy,pop_1_op_e1_n2_251224_135754,2,0.13211,0.2789,0.2789,0.85,True,
bin_greedy,pop_1_op_e1_n2_251224_135754,3,0.13211,0.2,0.2,0.7,True,
bin_greedy,pop_1_op_e1_n2_251224_135754,4,0.13211,0.25,0.25,0.8,True,
bin_greedy,pop_1_op_e1_n2_251224_135754,5,0.13211,0.2789,0.2789,0.85,True,
bin_greedy,pop_1_op_e1_n2_251224_135754,6,0.13211,0.2,0.2,0.7,True,
bin_greedy,pop_1_op_e1_n2_251224_135754,7,0.13211,0.2875,0.2875,0.8,True,
bin_greedy,pop_1_op_e1_n2_251224_135754,8,0.13211,0.2789,0.2789,0.85,True,
bin_greedy,pop_1_op_e1_n2_251224_135754,9,0.13211,0.2789,0.2789,0.85,True,
bin_greedy,pop_12_op_m2_n6_251225_055507,0,0.00956,0.25,0.25,0.8,True,
bin_greedy,pop_12_op_m2_n6_251225_055507,1,0.00956,0.2,0.2,0.7,True,
bin_greedy,pop_12_op_m2_n6_251225_055507,2,0.00956,0.2789,0.2789,0.85,True,
bin_greedy,pop_12_op_m2_n6_251225_055507,3,0.00956,0.2789,0.2789,0.85,True,
bin_greedy,pop_12_op_m2_n6_251225_055507,4,0.00956,0.2879,0.2879,0.85,True,
bin_greedy,pop_12_op_m2_n6_251225_055507,5,0.00956,0.2789,0.2789,0.85,True,
bin_greedy,pop_12_op_m2_n6_251225_055507,6,0.00956,0.2789,0.2789,0.85,True,
bin_greedy,pop_12_op_m2_n6_251225_055507,7,0.00956,0.2879,0.2879,0.85,True,
bin_greedy,pop_12_op_m2_n6_251225_055507,8,0.00956,0.2789,0.2789,0.85,True,
bin_greedy,pop_12_op_m2_n6_251225_055507,9,0.00956,0.2789,0.2789,0.85,True,
bin_greedy,pop_12_op_m2_n11_251224_232635,0,0.04326,0.2789,0.2789,0.85,True,
bin_greedy,pop_12_op_m2_n11_251224_232635,1,0.04326,0.2789,0.2789,0.85,True,
bin_greedy,pop_12_op_m2_n11_251224_232635,2,0.04326,0.2879,0.2879,0.85,True,
bin_greedy,pop_12_op_m2_n11_251224_232635,3,0.04326,0.2879,0.2879,0.85,True,
bin_greedy,pop_12_op_m2_n11_251224_232635,4,0.04326,0.2879,0.2879,0.85,True,
bin_greedy,pop_12_op_m2_n11_251224_232635,5,0.04326,0.2879,0.2879,0.85,True,
bin_greedy,pop_12_op_m2_n11_251224_232635,6,0.04326,0.2789,0.2789,0.85,True,
bin_greedy,pop_12_op_m2_n11_251224_232635,7,0.04326,0.2789,0.2789,0.85,True,
bin_greedy,pop_12_op_m2_n11_251224_232635,8,0.04326,0.2789,0.2789,0.85,True,
bin_greedy,pop_12_op_m2_n11_251224_232635,9,0.04326,0.2879,0.2879,0.85,True,
bin_greedy,pop_9_op_m2_n12_251224_222110,0,0.07144,0.2879,0.2879,0.85,True,
bin_greedy,pop_9_op_m2_n12_251224_222110,1,0.07144,0.2879,0.2879,0.85,True,
bin_greedy,pop_9_op_m2_n12_251224_222110,2,0.07144,0.2789,0.2789,0.85,True,
bin_greedy,pop_9_op_m2_n12_251224_222110,3,0.07144,0.2879,0.2879,0.85,True,
bin_greedy,pop_9_op_m2_n12_251224_222110,4,0.07144,0.2789,0.2789,0.85,True,
bin_greedy,pop_9_op_m2_n12_251224_222110,5,0.07144,0.2879,0.2879,0.85,True,
bin_greedy,pop_9_op_m2_n12_251224_222110,6,0.07144,0.2879,0.2879,0.85,True,
bin_greedy,pop_9_op_m2_n12_251224_222110,7,0.07144,0.2879,0.2879,0.85,True,
bin_greedy,pop_9_op_m2_n12_251224_222110,8,0.07144,0.2789,0.2789,0.85,True,
bin_greedy,pop_9_op_m2_n12_251224_222110,9,0.07144,0.2879,0.2879,0.85,True,
bin_greedy,pop_15_op_e2_n5_251225_002222,0,0.14337,0.2789,0.2789,0.85,True,
bin_greedy,pop_15_op_e2_n5_251225_002222,1,0.14337,0.2789,0.2789,0.75,True,
bin_greedy,pop_15_op_e2_n5_251225_002222,2,0.14337,0.2879,0.2879,0.85,True,
bin_greedy,pop_15_op_e2_n5_251225_002222,3,0.14337,0.2879,0.2879,0.85,True,
bin_greedy,pop_15_op_e2_n5_251225_002222,4,0.14337,0.2789,0.2789,0.85,True,
bin_greedy,pop_15_op_e2_n5_251225_002222,5,0.14337,0.2789,0.2789,0.85,True,
bin_greedy,pop_15_op_e2_n5_251225_002222,6,0.14337,0.2879,0.2879,0.85,True,
bin_greedy,pop_15_op_e2_n5_251225_002222,7,0.14337,0.2879,0.2879,0.85,True,
bin_greedy,pop_15_op_e2_n5_251225_002222,8,0.14337,0.2875,0.2875,0.7,True,
bin_greedy,pop_15_op_e2_n5_251225_002222,9,0.14337,0.2789,0.2789,0.85,True,
bin_greedy,pop_1_op_e2_n12_251224_194452,0,0.04025,0.2789,0.2789,0.85,True,
bin_greedy,pop_1_op_e2_n12_251224_194452,1,0.04025,0.2879,0.2879,0.85,True,
bin_greedy,pop_1_op_e2_n12_251224_194452,2,0.04025,0.234,0.234,0.85,True,
bin_greedy,pop_1_op_e2_n12_251224_194452,3,0.04025,0.2879,0.2879,0.85,True,
bin_greedy,pop_1_op_e2_n12_251224_194452,4,0.04025,0.2789,0.2789,0.85,True,
bin_greedy,pop_1_op_e2_n12_251224_194452,5,0.04025,0.2789,0.2789,0.85,True,
bin_greedy,pop_1_op_e2_n12_251224_194452,6,0.04025,0.2875,0.2875,0.85,True,
bin_greedy,pop_1_op_e2_n12_251224_194452,7,0.04025,0.2875,0.2875,0.85,True,
bin_greedy,pop_1_op_e2_n12_251224_194452,8,0.04025,0.2879,0.2879,0.85,True,
bin_greedy,pop_1_op_e2_n12_251224_194452,9,0.04025,0.2879,0.2879,0.85,True,
cvrp_lns,pop_12_op_e1_n18_251227_060501,0,3634220.9,3700000.0,3700000.0,0.85,True,
cvrp_lns,pop_12_op_e1_n18_251227_060501,1,3634220.9,3700000.0,3700000.0,0.85,True,
cvrp_lns,pop_12_op_e1_n18_251227_060501,2,3634220.9,3700000.0,3700000.0,0.8,True,
cvrp_lns,pop_12_op_e1_n18_251227_060501,3,3634220.9,3700000.0,3700000.0,0.85,True,
cvrp_lns,pop_12_op_e1_n18_251227_060501,4,3634220.9,3700000.0,3700000.0,0.8,True,
cvrp_lns,pop_12_op_e1_n18_251227_060501,5,3634220.9,3700000.0,3700000.0,0.85,True,
cvrp_lns,pop_12_op_e1_n18_251227_060501,6,3634220.9,3700000.0,3700000.0,0.85,True,
cvrp_lns,pop_12_op_e1_n18_251227_060501,7,3634220.9,3700000.0,3700000.0,0.85,True,
cvrp_lns,pop_12_op_e1_n18_251227_060501,8,3634220.9,3700000.0,3700000.0,0.85,True,
cvrp_lns,pop_12_op_e1_n18_251227_060501,9,3634220.9,3700000.0,3700000.0,0.85,True,
cvrp_lns,pop_14_op_m2_n12_251227_152817,0,3419080.2,3700000.0,3700000.0,0.85,True,
cvrp_lns,pop_14_op_m2_n12_251227_152817,1,3419080.2,3700000.0,3700000.0,0.85,True,
cvrp_lns,pop_14_op_m2_n12_251227_152817,2,3419080.2,3700000.0,3700000.0,0.85,True,
cvrp_lns,pop_14_op_m2_n12_251227_152817,3,3419080.2,3700000.0,3700000.0,0.85,True,
cvrp_lns,pop_14_op_m2_n12_251227_152817,4,3419080.2,3700000.0,3700000.0,0.85,True,
cvrp_lns,pop_14_op_m2_n12_251227_152817,5,3419080.2,3700000.0,3700000.0,0.85,True,
cvrp_lns,pop_14_op_m2_n12_251227_152817,6,3419080.2,3700000.0,3700000.0,0.8,True,
cvrp_lns,pop_14_op_m2_n12_251227_152817,7,3419080.2,3700000.0,3700000.0,0.85,True,
cvrp_lns,pop_14_op_m2_n12_251227_152817,8,3419080.2,3700000.0,3700000.0,0.85,True,
cvrp_lns,pop_14_op_m2_n12_251227_152817,9,3419080.2,3700000.0,3700000.0,0.85,True,
cvrp_lns,pop_10_op_e2_n13_251227_001656,0,3877586.0,3700000.0,3700000.0,0.85,True,
cvrp_lns,pop_10_op_e2_n13_251227_001656,1,3877586.0,3700000.0,3700000.0,0.85,True,
cvrp_lns,pop_10_op_e2_n13_251227_001656,2,3877586.0,3700000.0,3700000.0,0.85,True,
cvrp_lns,pop_10_op_e2_n13_251227_001656,3,3877586.0,3700000.0,3700000.0,0.85,True,
cvrp_lns,pop_10_op_e2_n13_251227_001656,4,3877586.0,3700000.0,3700000.0,0.85,True,
cvrp_lns,pop_10_op_e2_n13_251227_001656,5,3877586.0,3700000.0,3700000.0,0.85,True,
cvrp_lns,pop_10_op_e2_n13_251227_001656,6,3877586.0,3700000.0,3700000.0,0.85,True,
cvrp_lns,pop_10_op_e2_n13_251227_001656,7,3877586.0,3700000.0,3700000.0,0.85,True,
cvrp_lns,pop_10_op_e2_n13_251227_001656,8,3877586.0,3700000.0,3700000.0,0.85,True,
cvrp_lns,pop_10_op_e2_n13_251227_001656,9,3877586.0,3700000.0,3700000.0,0.8,True,
cvrp_lns,pop_17_op_m1_n8_251228_005726,0,3367598.1,3700000.0,3700000.0,0.85,True,
cvrp_lns,pop_17_op_m1_n8_251228_005726,1,3367598.1,3700000.0,3700000.0,0.8,True,
cvrp_lns,pop_17_op_m1_n8_251228_005726,2,3367598.1,3700000.0,3700000.0,0.8,True,
cvrp_lns,pop_17_op_m1_n8_251228_005726,3,3367598.1,3700000.0,3700000.0,0.85,True,
cvrp_lns,pop_17_op_m1_n8_251228_005726,4,3367598.1,3700000.0,3700000.0,0.85,True,
cvrp_lns,pop_17_op_m1_n8_251228_005726,5,3367598.1,3700000.0,3700000.0,0.85,True,
cvrp_lns,pop_17_op_m1_n8_251228_005726,6,3367598.1,3700000.0,3700000.0,0.85,True,
cvrp_lns,pop_17_op_m1_n8_251228_005726,7,3367598.1,3700000.0,3700000.0,0.8,True,
cvrp_lns,pop_17_op_m1_n8_251228_005726,8,3367598.1,3600000.0,3600000.0,0.8,True,
cvrp_lns,pop_17_op_m1_n8_251228_005726,9,3367598.1,3600000.0,3600000.0,0.85,True,
cvrp_lns,pop_19_op_m1_n4_251228_074716,0,3855543.3,3700000.0,3700000.0,0.85,True,
cvrp_lns,pop_19_op_m1_n4_251228_074716,1,3855543.3,3700000.0,3700000.0,0.85,True,
cvrp_lns,pop_19_op_m1_n4_251228_074716,2,3855543.3,3700000.0,3700000.0,0.85,True,
cvrp_lns,pop_19_op_m1_n4_251228_074716,3,3855543.3,3700000.0,3700000.0,0.85,True,
cvrp_lns,pop_19_op_m1_n4_251228_074716,4,3855543.3,3700000.0,3700000.0,0.85,True,
cvrp_lns,pop_19_op_m1_n4_251228_074716,5,3855543.3,3700000.0,3700000.0,0.85,True,
cvrp_lns,pop_19_op_m1_n4_251228_074716,6,3855543.3,3700000.0,3700000.0,0.85,True,
cvrp_lns,pop_19_op_m1_n4_251228_074716,7,3855543.3,3700000.0,3700000.0,0.85,True,
cvrp_lns,pop_19_op_m1_n4_251228_074716,8,3855543.3,3700000.0,3700000.0,0.85,True,
cvrp_lns,pop_19_op_m1_n4_251228_074716,9,3855543.3,3700000.0,3700000.0,0.85,True,
cvrp_lns,pop_15_op_e2_n5_251227_171036,0,3707837.3,3700000.0,3700000.0,0.85,True,
cvrp_lns,pop_15_op_e2_n5_251227_171036,1,3707837.3,3700000.0,3700000.0,0.85,True,
cvrp_lns,pop_15_op_e2_n5_251227_171036,2,3707837.3,3700000.0,3700000.0,0.85,True,
cvrp_lns,pop_15_op_e2_n5_251227_171036,3,3707837.3,3700000.0,3700000.0,0.85,True,
cvrp_lns,pop_15_op_e2_n5_251227_171036,4,3707837.3,3700000.0,3700000.0,0.85,True,
cvrp_lns,pop_15_op_e2_n5_251227_171036,5,3707837.3,3700000.0,3700000.0,0.85,True,
cvrp_lns,pop_15_op_e2_n5_251227_171036,6,3707837.3,3700000.0,3700000.0,0.85,True,
cvrp_lns,pop_15_op_e2_n5_251227_171036,7,3707837.3,3700000.0,3700000.0,0.85,True,
cvrp_lns,pop_15_op_e2_n5_251227_171036,8,3707837.3,3700000.0,3700000.0,0.85,True,
cvrp_lns,pop_15_op_e2_n5_251227_171036,9,3707837.3,3700000.0,3700000.0,0.85,True,
cvrp_lns,pop_19_op_e1_n13_251228_060424,0,3818114.8,3700000.0,3700000.0,0.8,True,
cvrp_lns,pop_19_op_e1_n13_251228_060424,1,3818114.8,3700000.0,3700000.0,0.85,True,
cvrp_lns,pop_19_op_e1_n13_251228_060424,2,3818114.8,3700000.0,3700000.0,0.85,True,
cvrp_lns,pop_19_op_e1_n13_251228_060424,3,3818114.8,3700000.0,3700000.0,0.8,True,
cvrp_lns,pop_19_op_e1_n13_251228_060424,4,3818114.8,3700000.0,3700000.0,0.85,True,
cvrp_lns,pop_19_op_e1_n13_251228_060424,5,3818114.8,3700000.0,3700000.0,0.85,True,
cvrp_lns,pop_19_op_e1_n13_251228_060424,6,3818114.8,3700000.0,3700000.0,0.85,True,
cvrp_lns,pop_19_op_e1_n13_251228_060424,7,3818114.8,3700000.0,3700000.0,0.85,True,
cvrp_lns,pop_19_op_e1_n13_251228_060424,8,3818114.8,3700000.0,3700000.0,0.85,True,
cvrp_lns,pop_19_op_e1_n13_251228_060424,9,3818114.8,3700000.0,3700000.0,0.85,True,
cvrp_lns,pop_11_op_e2_n10_251227_033505,0,3845742.6,3700000.0,3700000.0,0.85,True,
cvrp_lns,pop_11_op_e2_n10_251227_033505,1,3845742.6,3700000.0,3700000.0,0.85,True,
cvrp_lns,pop_11_op_e2_n10_251227_033505,2,3845742.6,3700000.0,3700000.0,0.85,True,
cvrp_lns,pop_11_op_e2_n10_251227_033505,3,3845742.6,3700000.0,3700000.0,0.8,True,
cvrp_lns,pop_11_op_e2_n10_251227_033505,4,3845742.6,3700000.0,3700000.0,0.85,True,
cvrp_lns,pop_11_op_e2_n10_251227_033505,5,3845742.6,3700000.0,3700000.0,0.85,True,
cvrp_lns,pop_11_op_e2_n10_251227_033505,6,3845742.6,3700000.0,3700000.0,0.85,True,
cvrp_lns,pop_11_op_e2_n10_251227_033505,7,3845742.6,3700000.0,3700000.0,0.85,True,
cvrp_lns,pop_11_op_e2_n10_251227_033505,8,3845742.6,3700000.0,3700000.0,0.85,True,
cvrp_lns,pop_11_op_e2_n10_251227_033505,9,3845742.6,3700000.0,3700000.0,0.85,True,
cvrp_lns,pop_19_op_e2_n16_251228_065631,0,3953495.2,3700000.0,3700000.0,0.85,True,
cvrp_lns,pop_19_op_e2_n16_251228_065631,1,3953495.2,3700000.0,3700000.0,0.85,True,
cvrp_lns,pop_19_op_e2_n16_251228_065631,2,3953495.2,3700000.0,3700000.0,0.85,True,
cvrp_lns,pop_19_op_e2_n16_251228_065631,3,3953495.2,3700000.0,3700000.0,0.85,True,
cvrp_lns,pop_19_op_e2_n16_251228_065631,4,3953495.2,3700000.0,3700000.0,0.85,True,
cvrp_lns,pop_19_op_e2_n16_251228_065631,5,3953495.2,3660345.7,3660345.7,0.85,True,
cvrp_lns,pop_19_op_e2_n16_251228_065631,6,3953495.2,3700000.0,3700000.0,0.85,True,
cvrp_lns,pop_19_op_e2_n16_251228_065631,7,3953495.2,3700000.0,3700000.0,0.85,True,
cvrp_lns,pop_19_op_e2_n16_251228_065631,8,3953495.2,3700000.0,3700000.0,0.85,True,
cvrp_lns,pop_19_op_e2_n16_251228_065631,9,3953495.2,3660345.7,3660345.7,0.85,True,
cvrp_lns,pop_2_op_e2_n4_251225_221616,0,3864263.6,3700000.0,3700000.0,0.85,True,
cvrp_lns,pop_2_op_e2_n4_251225_221616,1,3864263.6,3700000.0,3700000.0,0.85,True,
cvrp_lns,pop_2_op_e2_n4_251225_221616,2,3864263.6,3700000.0,3700000.0,0.85,True,
cvrp_lns,pop_2_op_e2_n4_251225_221616,3,3864263.6,3700000.0,3700000.0,0.85,True,
cvrp_lns,pop_2_op_e2_n4_251225_221616,4,3864263.6,3700000.0,3700000.0,0.85,True,
cvrp_lns,pop_2_op_e2_n4_251225_221616,5,3864263.6,3700000.0,3700000.0,0.85,True,
cvrp_lns,pop_2_op_e2_n4_251225_221616,6,3864263.6,3700000.0,3700000.0,0.85,True,
cvrp_lns,pop_2_op_e2_n4_251225_221616,7,3864263.6,3700000.0,3700000.0,0.85,True,
cvrp_lns,pop_2_op_e2_n4_251225_221616,8,3864263.6,3700000.0,3700000.0,0.85,True,
cvrp_lns,pop_2_op_e2_n4_251225_221616,9,3864263.6,3700000.0,3700000.0,0.85,True,
premarshalling_astar,pop_16_op_e1_n3_250819_105708,0,13.9329,1.75,1.75,0.6,True,
premarshalling_astar,pop_16_op_e1_n3_250819_105708,1,13.9329,0.65,0.65,0.7,True,
premarshalling_astar,pop_16_op_e1_n3_250819_105708,2,13.9329,1.5,1.5,0.7,True,
premarshalling_astar,pop_16_op_e1_n3_250819_105708,3,13.9329,1.5,1.5,0.7,True,
premarshalling_astar,pop_16_op_e1_n3_250819_105708,4,13.9329,1.675,1.675,0.8,True,
premarshalling_astar,pop_16_op_e1_n3_250819_105708,5,13.9329,1.5,1.5,0.7,True,
premarshalling_astar,pop_16_op_e1_n3_250819_105708,6,13.9329,1.5,1.5,0.7,True,
premarshalling_astar,pop_16_op_e1_n3_250819_105708,7,13.9329,1.0,1.0,,True,Used float fallback (no JSON).
premarshalling_astar,pop_16_op_e1_n3_250819_105708,8,13.9329,0.65,0.65,0.7,True,
premarshalling_astar,pop_16_op_e1_n3_250819_105708,9,13.9329,1.5,1.5,0.7,True,
premarshalling_astar,pop_9_op_e1_n2_250821_185036,0,0.43085,1.0,1.0,,True,Used float fallback (no JSON).
premarshalling_astar,pop_9_op_e1_n2_250821_185036,1,0.43085,1.5,1.5,0.7,True,
premarshalling_astar,pop_9_op_e1_n2_250821_185036,2,0.43085,1.5,1.5,0.7,True,
premarshalling_astar,pop_9_op_e1_n2_250821_185036,3,0.43085,1.5,1.5,0.7,True,
premarshalling_astar,pop_9_op_e1_n2_250821_185036,4,0.43085,0.65,0.65,0.75,True,
premarshalling_astar,pop_9_op_e1_n2_250821_185036,5,0.43085,0.65,0.65,0.7,True,
premarshalling_astar,pop_9_op_e1_n2_250821_185036,6,0.43085,1.0,1.0,,True,Used float fallback (no JSON).
premarshalling_astar,pop_9_op_e1_n2_250821_185036,7,0.43085,1.5,1.5,0.7,True,
premarshalling_astar,pop_9_op_e1_n2_250821_185036,8,0.43085,2.5,2.5,0.7,True,
premarshalling_astar,pop_9_op_e1_n2_250821_185036,9,0.43085,1.5,1.5,0.7,True,
premarshalling_astar,pop_15_op_m1_n4_250821_235057,0,0.9285,0.5,0.5,0.7,True,
premarshalling_astar,pop_15_op_m1_n4_250821_235057,1,0.9285,0.5,0.5,0.7,True,
premarshalling_astar,pop_15_op_m1_n4_250821_235057,2,0.9285,0.5,0.5,0.7,True,
premarshalling_astar,pop_15_op_m1_n4_250821_235057,3,0.9285,0.5,0.5,0.7,True,
premarshalling_astar,pop_15_op_m1_n4_250821_235057,4,0.9285,0.65,0.65,0.75,True,
premarshalling_astar,pop_15_op_m1_n4_250821_235057,5,0.9285,0.5,0.5,0.7,True,
premarshalling_astar,pop_15_op_m1_n4_250821_235057,6,0.9285,0.65,0.65,0.75,True,
premarshalling_astar,pop_15_op_m1_n4_250821_235057,7,0.9285,0.5,0.5,0.7,True,
premarshalling_astar,pop_15_op_m1_n4_250821_235057,8,0.9285,0.5,0.5,0.7,True,
premarshalling_astar,pop_15_op_m1_n4_250821_235057,9,0.9285,0.65,0.65,0.75,True,
premarshalling_astar,pop_11_op_m1_n4_250821_204759,0,10.69957,1.5,1.5,0.7,True,
premarshalling_astar,pop_11_op_m1_n4_250821_204759,1,10.69957,0.75,0.75,0.8,True,
premarshalling_astar,pop_11_op_m1_n4_250821_204759,2,10.69957,0.65,0.65,0.7,True,
premarshalling_astar,pop_11_op_m1_n4_250821_204759,3,10.69957,1.5,1.5,0.7,True,
premarshalling_astar,pop_11_op_m1_n4_250821_204759,4,10.69957,1.5,1.5,0.7,True,
premarshalling_astar,pop_11_op_m1_n4_250821_204759,5,10.69957,0.5,0.5,0.7,True,
premarshalling_astar,pop_11_op_m1_n4_250821_204759,6,10.69957,1.5,1.5,0.7,True,
premarshalling_astar,pop_11_op_m1_n4_250821_204759,7,10.69957,1.5,1.5,0.7,True,
premarshalling_astar,pop_11_op_m1_n4_250821_204759,8,10.69957,1.0,1.0,,True,Used float fallback (no JSON).
premarshalling_astar,pop_11_op_m1_n4_250821_204759,9,10.69957,1.5,1.5,0.7,True,
premarshalling_astar,pop_6_op_e2_n6_250817_171559,0,0.97071,0.65,0.65,0.75,True,
premarshalling_astar,pop_6_op_e2_n6_250817_171559,1,0.97071,0.65,0.65,0.7,True,
premarshalling_astar,pop_6_op_e2_n6_250817_171559,2,0.97071,0.65,0.65,0.75,True,
premarshalling_astar,pop_6_op_e2_n6_250817_171559,3,0.97071,0.65,0.65,0.7,True,
premarshalling_astar,pop_6_op_e2_n6_250817_171559,4,0.97071,0.65,0.65,0.75,True,
premarshalling_astar,pop_6_op_e2_n6_250817_171559,5,0.97071,0.65,0.65,0.7,True,
premarshalling_astar,pop_6_op_e2_n6_250817_171559,6,0.97071,0.65,0.65,0.7,True,
premarshalling_astar,pop_6_op_e2_n6_250817_171559,7,0.97071,0.5,0.5,0.7,True,
premarshalling_astar,pop_6_op_e2_n6_250817_171559,8,0.97071,0.5,0.5,0.7,True,
premarshalling_astar,pop_6_op_e2_n6_250817_171559,9,0.97071,0.65,0.65,0.7,True,
premarshalling_astar,pop_6_op_m2_n11_250825_152655,0,0.37898,1.5,1.5,0.7,True,
premarshalling_astar,pop_6_op_m2_n11_250825_152655,1,0.37898,2.5,2.5,0.7,True,
premarshalling_astar,pop_6_op_m2_n11_250825_152655,2,0.37898,2.5,2.5,0.7,True,
premarshalling_astar,pop_6_op_m2_n11_250825_152655,3,0.37898,1.5,1.5,0.7,True,
premarshalling_astar,pop_6_op_m2_n11_250825_152655,4,0.37898,1.5,1.5,0.7,True,
premarshalling_astar,pop_6_op_m2_n11_250825_152655,5,0.37898,1.5,1.5,0.7,True,
premarshalling_astar,pop_6_op_m2_n11_250825_152655,6,0.37898,1.5,1.5,0.7,True,
premarshalling_astar,pop_6_op_m2_n11_250825_152655,7,0.37898,1.5,1.5,0.7,True,
premarshalling_astar,pop_6_op_m2_n11_250825_152655,8,0.37898,2.5,2.5,0.7,True,
premarshalling_astar,pop_6_op_m2_n11_250825_152655,9,0.37898,1.5,1.5,0.7,True,
premarshalling_astar,pop_3_op_m1_n17_250816_134737,0,2.91167,0.5,0.5,0.7,True,
premarshalling_astar,pop_3_op_m1_n17_250816_134737,1,2.91167,1.5,1.5,0.7,True,
premarshalling_astar,pop_3_op_m1_n17_250816_134737,2,2.91167,1.5,1.5,0.7,True,
premarshalling_astar,pop_3_op_m1_n17_250816_134737,3,2.91167,1.5,1.5,0.7,True,
premarshalling_astar,pop_3_op_m1_n17_250816_134737,4,2.91167,2.5,2.5,0.7,True,
premarshalling_astar,pop_3_op_m1_n17_250816_134737,5,2.91167,1.5,1.5,0.7,True,
premarshalling_astar,pop_3_op_m1_n17_250816_134737,6,2.91167,1.5,1.5,0.7,True,
premarshalling_astar,pop_3_op_m1_n17_250816_134737,7,2.91167,0.65,0.65,0.7,True,
premarshalling_astar,pop_3_op_m1_n17_250816_134737,8,2.91167,1.5,1.5,0.7,True,
premarshalling_astar,pop_3_op_m1_n17_250816_134737,9,2.91167,2.5,2.5,0.7,True,
premarshalling_astar,pop_6_op_e2_n11_250825_151150,0,0.38297,1.5,1.5,0.7,True,
premarshalling_astar,pop_6_op_e2_n11_250825_151150,1,0.38297,1.0,1.0,,True,Used float fallback (no JSON).
premarshalling_astar,pop_6_op_e2_n11_250825_151150,2,0.38297,1.5,1.5,0.7,True,
premarshalling_astar,pop_6_op_e2_n11_250825_151150,3,0.38297,1.5,1.5,0.7,True,
premarshalling_astar,pop_6_op_e2_n11_250825_151150,4,0.38297,1.0,1.0,,True,Used float fallback (no JSON).
premarshalling_astar,pop_6_op_e2_n11_250825_151150,5,0.38297,1.65,1.65,0.75,True,
premarshalling_astar,pop_6_op_e2_n11_250825_151150,6,0.38297,1.0,1.0,,True,Used float fallback (no JSON).
premarshalling_astar,pop_6_op_e2_n11_250825_151150,7,0.38297,1.0,1.0,,True,Used float fallback (no JSON).
premarshalling_astar,pop_6_op_e2_n11_250825_151150,8,0.38297,1.0,1.0,,True,Used float fallback (no JSON).
premarshalling_astar,pop_6_op_e2_n11_250825_151150,9,0.38297,1.0,1.0,,True,Used float fallback (no JSON).
premarshalling_astar,pop_16_op_m2_n14_250819_135235,0,0.20088,1.5,1.5,0.7,True,
premarshalling_astar,pop_16_op_m2_n14_250819_135235,1,0.20088,2.5,2.5,0.7,True,
premarshalling_astar,pop_16_op_m2_n14_250819_135235,2,0.20088,1.5,1.5,0.7,True,
premarshalling_astar,pop_16_op_m2_n14_250819_135235,3,0.20088,1.5,1.5,0.7,True,
premarshalling_astar,pop_16_op_m2_n14_250819_135235,4,0.20088,1.5,1.5,0.7,True,
premarshalling_astar,pop_16_op_m2_n14_250819_135235,5,0.20088,1.5,1.5,0.7,True,
premarshalling_astar,pop_16_op_m2_n14_250819_135235,6,0.20088,1.5,1.5,0.7,True,
premarshalling_astar,pop_16_op_m2_n14_250819_135235,7,0.20088,1.5,1.5,0.7,True,
premarshalling_astar,pop_16_op_m2_n14_250819_135235,8,0.20088,1.5,1.5,0.7,True,
premarshalling_astar,pop_16_op_m2_n14_250819_135235,9,0.20088,2.5,2.5,0.7,True,
premarshalling_astar,pop_12_op_e2_n0_250821_212419,0,0.92596,0.65,0.65,0.75,True,
premarshalling_astar,pop_12_op_e2_n0_250821_212419,1,0.92596,0.65,0.65,0.75,True,
premarshalling_astar,pop_12_op_e2_n0_250821_212419,2,0.92596,0.65,0.65,0.75,True,
premarshalling_astar,pop_12_op_e2_n0_250821_212419,3,0.92596,1.5,1.5,0.7,True,
premarshalling_astar,pop_12_op_e2_n0_250821_212419,4,0.92596,0.25,0.25,0.7,True,
premarshalling_astar,pop_12_op_e2_n0_250821_212419,5,0.92596,1.5,1.5,0.7,True,
premarshalling_astar,pop_12_op_e2_n0_250821_212419,6,0.92596,1.5,1.5,0.7,True,
premarshalling_astar,pop_12_op_e2_n0_250821_212419,7,0.92596,0.5,0.5,0.7,True,
premarshalling_astar,pop_12_op_e2_n0_250821_212419,8,0.92596,1.5,1.5,0.7,True,
premarshalling_astar,pop_12_op_e2_n0_250821_212419,9,0.92596,0.65,0.65,0.75,True,
puzzle_astar,pop_16_op_m1_n17_251009_051647,0,1.80533,1.2,1.2,0.8,True,
puzzle_astar,pop_16_op_m1_n17_251009_051647,1,1.80533,1.2,1.2,0.8,True,
puzzle_astar,pop_16_op_m1_n17_251009_051647,2,1.80533,1.2,1.2,0.8,True,
puzzle_astar,pop_16_op_m1_n17_251009_051647,3,1.80533,1.2345,1.2345,0.9,True,
puzzle_astar,pop_16_op_m1_n17_251009_051647,4,1.80533,1.2,1.2,0.8,True,
puzzle_astar,pop_16_op_m1_n17_251009_051647,5,1.80533,1.25,1.25,0.8,True,
puzzle_astar,pop_16_op_m1_n17_251009_051647,6,1.80533,1.25,1.25,0.8,True,
puzzle_astar,pop_16_op_m1_n17_251009_051647,7,1.80533,1.2,1.2,0.8,True,
puzzle_astar,pop_16_op_m1_n17_251009_051647,8,1.80533,1.2,1.2,0.8,True,
puzzle_astar,pop_16_op_m1_n17_251009_051647,9,1.80533,1.2,1.2,0.8,True,
puzzle_astar,pop_0_op_i1_n3_251016_195425,0,2.20381,1.9086,1.9086,0.85,True,
puzzle_astar,pop_0_op_i1_n3_251016_195425,1,2.20381,1.9086,1.9086,0.75,True,
puzzle_astar,pop_0_op_i1_n3_251016_195425,2,2.20381,1.9086,1.9086,0.75,True,
puzzle_astar,pop_0_op_i1_n3_251016_195425,3,2.20381,1.9086,1.9086,0.85,True,
puzzle_astar,pop_0_op_i1_n3_251016_195425,4,2.20381,1.9086,1.9086,0.85,True,
puzzle_astar,pop_0_op_i1_n3_251016_195425,5,2.20381,1.9086,1.9086,0.85,True,
puzzle_astar,pop_0_op_i1_n3_251016_195425,6,2.20381,1.9086,1.9086,0.85,True,
puzzle_astar,pop_0_op_i1_n3_251016_195425,7,2.20381,1.926,1.926,0.75,True,
puzzle_astar,pop_0_op_i1_n3_251016_195425,8,2.20381,1.9086,1.9086,0.85,True,
puzzle_astar,pop_0_op_i1_n3_251016_195425,9,2.20381,1.9086,1.9086,0.85,True,
puzzle_astar,pop_5_op_m1_n8_251005_041917,0,1.85649,2.1,2.1,0.7,True,
puzzle_astar,pop_5_op_m1_n8_251005_041917,1,1.85649,2.285,2.285,0.9,True,
puzzle_astar,pop_5_op_m1_n8_251005_041917,2,1.85649,2.276445,2.276445,0.8,True,
puzzle_astar,pop_5_op_m1_n8_251005_041917,3,1.85649,2.20385,2.20385,0.7,True,
puzzle_astar,pop_5_op_m1_n8_251005_041917,4,1.85649,2.1,2.1,0.8,True,
puzzle_astar,pop_5_op_m1_n8_251005_041917,5,1.85649,1.941885,1.941885,0.7,True,
puzzle_astar,pop_5_op_m1_n8_251005_041917,6,1.85649,2.2764,2.2764,0.85,True,
puzzle_astar,pop_5_op_m1_n8_251005_041917,7,1.85649,1.0,1.0,,True,Used float fallback (no JSON).
puzzle_astar,pop_5_op_m1_n8_251005_041917,8,1.85649,2.7913,2.7913,0.85,True,
puzzle_astar,pop_5_op_m1_n8_251005_041917,9,1.85649,1.0,1.0,,True,Used float fallback (no JSON).
puzzle_astar,pop_5_op_e2_n9_251005_035236,0,1.42212,1.0,1.0,,True,Used float fallback (no JSON).
puzzle_astar,pop_5_op_e2_n9_251005_035236,1,1.42212,0.9574,0.9574,0.8,True,
puzzle_astar,pop_5_op_e2_n9_251005_035236,2,1.42212,1.5,1.5,0.8,True,
puzzle_astar,pop_5_op_e2_n9_251005_035236,3,1.42212,1.6,1.6,0.7,True,
puzzle_astar,pop_5_op_e2_n9_251005_035236,4,1.42212,1.0,1.0,,True,Used float fallback (no JSON).
puzzle_astar,pop_5_op_e2_n9_251005_035236,5,1.42212,0.9,0.9,0.85,True,
puzzle_astar,pop_5_op_e2_n9_251005_035236,6,1.42212,1.634635,1.634635,0.85,True,
puzzle_astar,pop_5_op_e2_n9_251005_035236,7,1.42212,1.0,1.0,,True,Used float fallback (no JSON).
puzzle_astar,pop_5_op_e2_n9_251005_035236,8,1.42212,1.925,1.925,0.75,True,
puzzle_astar,pop_5_op_e2_n9_251005_035236,9,1.42212,1.0,1.0,,True,Used float fallback (no JSON).
puzzle_astar,pop_6_op_m2_n8_251005_063028,0,1.42511,1.925,1.925,0.75,True,
puzzle_astar,pop_6_op_m2_n8_251005_063028,1,1.42511,1.923,1.923,0.75,True,
puzzle_astar,pop_6_op_m2_n8_251005_063028,2,1.42511,1.2,1.2,0.8,True,
puzzle_astar,pop_6_op_m2_n8_251005_063028,3,1.42511,1.2937,1.2937,0.85,True,
puzzle_astar,pop_6_op_m2_n8_251005_063028,4,1.42511,1.925,1.925,0.85,True,
puzzle_astar,pop_6_op_m2_n8_251005_063028,5,1.42511,1.925,1.925,0.85,True,
puzzle_astar,pop_6_op_m2_n8_251005_063028,6,1.42511,1.925,1.925,0.8,True,
puzzle_astar,pop_6_op_m2_n8_251005_063028,7,1.42511,1.25,1.25,0.8,True,
puzzle_astar,pop_6_op_m2_n8_251005_063028,8,1.42511,1.925,1.925,0.75,True,
puzzle_astar,pop_6_op_m2_n8_251005_063028,9,1.42511,1.925,1.925,0.75,True,
puzzle_astar,pop_9_op_e1_n10_251008_115314,0,1.0136,1.29435,1.29435,0.85,True,
puzzle_astar,pop_9_op_e1_n10_251008_115314,1,1.0136,1.2345,1.2345,0.85,True,
puzzle_astar,pop_9_op_e1_n10_251008_115314,2,1.0136,1.25,1.25,0.8,True,
puzzle_astar,pop_9_op_e1_n10_251008_115314,3,1.0136,1.25,1.25,0.8,True,
puzzle_astar,pop_9_op_e1_n10_251008_115314,4,1.0136,1.2948,1.2948,0.85,True,
puzzle_astar,pop_9_op_e1_n10_251008_115314,5,1.0136,1.293,1.293,0.85,True,
puzzle_astar,pop_9_op_e1_n10_251008_115314,6,1.0136,1.25,1.25,0.8,True,
puzzle_astar,pop_9_op_e1_n10_251008_115314,7,1.0136,1.0,1.0,,True,Used float fallback (no JSON).
puzzle_astar,pop_9_op_e1_n10_251008_115314,8,1.0136,1.25,1.25,0.9,True,
puzzle_astar,pop_9_op_e1_n10_251008_115314,9,1.0136,1.25,1.25,0.8,True,
puzzle_astar,pop_13_op_e1_n2_251024_045717,0,0.95777,1.904375,1.904375,0.85,True,
puzzle_astar,pop_13_op_e1_n2_251024_045717,1,0.95777,1.25,1.25,0.8,True,
puzzle_astar,pop_13_op_e1_n2_251024_045717,2,0.95777,1.2943,1.2943,0.85,True,
puzzle_astar,pop_13_op_e1_n2_251024_045717,3,0.95777,1.90935,1.90935,0.85,True,
puzzle_astar,pop_13_op_e1_n2_251024_045717,4,0.95777,1.2,1.2,0.8,True,
puzzle_astar,pop_13_op_e1_n2_251024_045717,5,0.95777,1.2,1.2,0.8,True,
puzzle_astar,pop_13_op_e1_n2_251024_045717,6,0.95777,1.40935,1.40935,0.85,True,
puzzle_astar,pop_13_op_e1_n2_251024_045717,7,0.95777,1.2,1.2,0.8,True,
puzzle_astar,pop_13_op_e1_n2_251024_045717,8,0.95777,1.2,1.2,0.8,True,
puzzle_astar,pop_13_op_e1_n2_251024_045717,9,0.95777,1.404375,1.404375,0.9,True,
puzzle_astar,pop_11_op_m2_n6_251024_025715,0,0.95595,1.90435,1.90435,0.85,True,
puzzle_astar,pop_11_op_m2_n6_251024_025715,1,0.95595,1.90435,1.90435,0.85,True,
puzzle_astar,pop_11_op_m2_n6_251024_025715,2,0.95595,1.9028,1.9028,0.85,True,
puzzle_astar,pop_11_op_m2_n6_251024_025715,3,0.95595,1.90485,1.90485,0.85,True,
puzzle_astar,pop_11_op_m2_n6_251024_025715,4,0.95595,1.90435,1.90435,0.85,True,
puzzle_astar,pop_11_op_m2_n6_251024_025715,5,0.95595,1.90435,1.90435,0.85,True,
puzzle_astar,pop_11_op_m2_n6_251024_025715,6,0.95595,1.90435,1.90435,0.85,True,
puzzle_astar,pop_11_op_m2_n6_251024_025715,7,0.95595,1.90435,1.90435,0.85,True,
puzzle_astar,pop_11_op_m2_n6_251024_025715,8,0.95595,1.90435,1.90435,0.85,True,
puzzle_astar,pop_11_op_m2_n6_251024_025715,9,0.95595,1.90435,1.90435,0.85,True,
puzzle_astar,pop_12_op_e2_n7_251024_034506,0,2.26259,0.90374,0.90374,0.6,True,
puzzle_astar,pop_12_op_e2_n7_251024_034506,1,2.26259,1.0,1.0,,True,Used float fallback (no JSON).
puzzle_astar,pop_12_op_e2_n7_251024_034506,2,2.26259,1.0,1.0,,True,Used float fallback (no JSON).
puzzle_astar,pop_12_op_e2_n7_251024_034506,3,2.26259,1.0,1.0,,True,Used float fallback (no JSON).
puzzle_astar,pop_12_op_e2_n7_251024_034506,4,2.26259,2.28,2.28,0.75,True,
puzzle_astar,pop_12_op_e2_n7_251024_034506,5,2.26259,1.745628,1.745628,0.8,True,
puzzle_astar,pop_12_op_e2_n7_251024_034506,6,2.26259,2.276445,2.276445,0.9,True,
puzzle_astar,pop_12_op_e2_n7_251024_034506,7,2.26259,1.6249,1.6249,0.8,True,
puzzle_astar,pop_12_op_e2_n7_251024_034506,8,2.26259,1.684635,1.684635,0.8,True,
puzzle_astar,pop_12_op_e2_n7_251024_034506,9,2.26259,1.684635,1.684635,0.8,True,
puzzle_astar,pop_11_op_e2_n8_251024_021136,0,2.5337,1.2,1.2,0.8,True,
puzzle_astar,pop_11_op_e2_n8_251024_021136,1,2.5337,1.25,1.25,0.8,True,
puzzle_astar,pop_11_op_e2_n8_251024_021136,2,2.5337,1.2,1.2,0.8,True,
puzzle_astar,pop_11_op_e2_n8_251024_021136,3,2.5337,1.25,1.25,0.8,True,
puzzle_astar,pop_11_op_e2_n8_251024_021136,4,2.5337,1.2,1.2,0.8,True,
puzzle_astar,pop_11_op_e2_n8_251024_021136,5,2.5337,1.2,1.2,0.8,True,
puzzle_astar,pop_11_op_e2_n8_251024_021136,6,2.5337,1.2,1.2,0.8,True,
puzzle_astar,pop_11_op_e2_n8_251024_021136,7,2.5337,1.2,1.2,0.8,True,
puzzle_astar,pop_11_op_e2_n8_251024_021136,8,2.5337,1.25,1.25,0.8,True,
puzzle_astar,pop_11_op_e2_n8_251024_021136,9,2.5337,1.2,1.2,0.8,True,
