app_type,group_id,objective_bin,main_heuristic_id,main_strategy,main_objective,main_obj_rank,main_obj_percentile,main_is_good_top10pct,neighbor_rank,neighbor_heuristic_id,neighbor_strategy,neighbor_objective,ast_cosine_sim,neighbor_obj_diff,neighbor_is_better_than_main
bin_greedy,1,low,pop_8_op_m1_n11_251224_161205,m1,0.03391,1063,0.239145,False,1,pop_9_op_e2_n8_251225_044740,e2,0.59241,0.9993867032748873,0.5585,False
bin_greedy,1,low,pop_8_op_m1_n11_251224_161205,m1,0.03391,1063,0.239145,False,2,pop_5_op_m2_n17_251224_153547,m2,0.03159,0.999272937735711,-0.0023200000000000026,True
bin_greedy,1,low,pop_8_op_m1_n11_251224_161205,m1,0.03391,1063,0.239145,False,3,pop_6_op_m2_n16_251224_154925,m2,0.13211,0.9991081476436711,0.09820000000000001,False
bin_greedy,1,low,pop_8_op_m1_n11_251224_161205,m1,0.03391,1063,0.239145,False,4,pop_6_op_e2_n3_251224_154252,e2,0.03079,0.9990616746308536,-0.0031200000000000012,True
bin_greedy,1,low,pop_8_op_m1_n11_251224_161205,m1,0.03391,1063,0.239145,False,5,pop_7_op_e1_n8_251224_155243,e1,0.03139,0.9990133208629034,-0.0025200000000000014,True
bin_greedy,2,mid,pop_17_op_m1_n17_251224_184025,m1,0.17074,2891,0.650394,False,1,pop_17_op_e1_n12_251224_183126,e1,0.01127,0.9991651712697203,-0.15947,True
bin_greedy,2,mid,pop_17_op_m1_n17_251224_184025,m1,0.17074,2891,0.650394,False,2,pop_16_op_e2_n5_251224_181906,e2,0.60107,0.999076077551834,0.43033,False
bin_greedy,2,mid,pop_17_op_m1_n17_251224_184025,m1,0.17074,2891,0.650394,False,3,pop_12_op_e2_n4_251224_170832,e2,1.48405,0.9989942916134934,1.31331,False
bin_greedy,2,mid,pop_17_op_m1_n17_251224_184025,m1,0.17074,2891,0.650394,False,4,pop_16_op_e2_n14_251224_181906,e2,0.62481,0.9988840365579785,0.45407,False
bin_greedy,2,mid,pop_17_op_m1_n17_251224_184025,m1,0.17074,2891,0.650394,False,5,pop_12_op_e2_n3_251224_170832,e2,0.62773,0.9988840365579785,0.45699,False
bin_greedy,3,low,pop_0_op_i1_n4_251225_020904,i1,0.03984,1422,0.31991,False,1,pop_0_op_i1_n15_251224_192233,i1,1.51534,0.9940654567149634,1.4754999999999998,False
bin_greedy,3,low,pop_0_op_i1_n4_251225_020904,i1,0.03984,1422,0.31991,False,2,pop_0_op_i1_n10_251225_020904,i1,0.03984,0.9939949701503671,0.0,False
bin_greedy,3,low,pop_0_op_i1_n4_251225_020904,i1,0.03984,1422,0.31991,False,3,pop_0_op_m2_n4_251224_135519,m2,0.05363,0.992384649743471,0.013789999999999997,False
bin_greedy,3,low,pop_0_op_i1_n4_251225_020904,i1,0.03984,1422,0.31991,False,4,pop_0_op_i1_n2_251225_020904,i1,0.05071,0.9914677048813673,0.010869999999999998,False
bin_greedy,3,low,pop_0_op_i1_n4_251225_020904,i1,0.03984,1422,0.31991,False,5,pop_0_op_i1_n9_251224_192433,i1,1.51534,0.9909500401039307,1.4754999999999998,False
bin_greedy,4,low,pop_8_op_e2_n3_251225_042810,e2,0.02294,626,0.140832,False,1,pop_9_op_e2_n9_251225_044740,e2,0.0323,0.9991555041287655,0.009360000000000004,False
bin_greedy,4,low,pop_8_op_e2_n3_251225_042810,e2,0.02294,626,0.140832,False,2,pop_17_op_e1_n1_251225_071627,e1,0.87323,0.9991000898650044,0.85029,False
bin_greedy,4,low,pop_8_op_e2_n3_251225_042810,e2,0.02294,626,0.140832,False,3,pop_18_op_e2_n18_251225_073846,e2,0.11571,0.9989313275752439,0.09276999999999999,False
bin_greedy,4,low,pop_8_op_e2_n3_251225_042810,e2,0.02294,626,0.140832,False,4,pop_12_op_m2_n5_251225_055507,m2,0.01409,0.9988617599530101,-0.008849999999999998,True
bin_greedy,4,low,pop_8_op_e2_n3_251225_042810,e2,0.02294,626,0.140832,False,5,pop_13_op_m2_n19_251225_061422,m2,0.01097,0.9988473832387468,-0.011969999999999998,True
bin_greedy,5,mid,pop_3_op_m2_n9_251224_202201,m2,0.21431,2942,0.661867,False,1,pop_0_op_m2_n11_251224_193827,m2,0.04226,0.998144083923529,-0.17205,True
bin_greedy,5,mid,pop_3_op_m2_n9_251224_202201,m2,0.21431,2942,0.661867,False,2,pop_3_op_m2_n17_251224_202201,m2,0.02807,0.9964713101223727,-0.18624,True
bin_greedy,5,mid,pop_3_op_m2_n9_251224_202201,m2,0.21431,2942,0.661867,False,3,pop_9_op_m2_n14_251225_045729,m2,1.51534,0.996345382045583,1.30103,False
bin_greedy,5,mid,pop_3_op_m2_n9_251224_202201,m2,0.21431,2942,0.661867,False,4,pop_2_op_e2_n5_251224_195847,e2,0.31412,0.9963418007309449,0.09981000000000001,False
bin_greedy,5,mid,pop_3_op_m2_n9_251224_202201,m2,0.21431,2942,0.661867,False,5,pop_1_op_m1_n17_251224_194832,m1,0.86508,0.9963175745290135,0.65077,False
bin_greedy,6,mid,pop_0_op_i1_n13_251224_192433,i1,0.14418,2840,0.63892,False,1,pop_0_op_e2_n4_251224_134950,e2,1.51534,0.9984234698571468,1.37116,False
bin_greedy,6,mid,pop_0_op_i1_n13_251224_192433,i1,0.14418,2840,0.63892,False,2,pop_0_op_i1_n7_251225_020644,i1,1.51534,0.9970052234485156,1.37116,False
bin_greedy,6,mid,pop_0_op_i1_n13_251224_192433,i1,0.14418,2840,0.63892,False,3,pop_0_op_i1_n2_251224_134528,i1,1.51534,0.9968226584494326,1.37116,False
bin_greedy,6,mid,pop_0_op_i1_n13_251224_192433,i1,0.14418,2840,0.63892,False,4,pop_0_op_m2_n14_251224_135519,m2,1.51534,0.9967938723001094,1.37116,False
bin_greedy,6,mid,pop_0_op_i1_n13_251224_192433,i1,0.14418,2840,0.63892,False,5,pop_0_op_e1_n4_251224_134701,e1,0.14056,0.99644316996874,-0.003620000000000012,True
bin_greedy,7,low,pop_17_op_e1_n2_251224_183126,e1,0.03984,1422,0.31991,False,1,pop_19_op_e1_n5_251224_190503,e1,1.14297,0.9996174446416444,1.10313,False
bin_greedy,7,low,pop_17_op_e1_n2_251224_183126,e1,0.03984,1422,0.31991,False,2,pop_14_op_m2_n9_251224_174931,m2,0.50538,0.999327153035904,0.46554000000000006,False
bin_greedy,7,low,pop_17_op_e1_n2_251224_183126,e1,0.03984,1422,0.31991,False,3,pop_17_op_e2_n4_251224_183600,e2,1.00966,0.9993033019643484,0.96982,False
bin_greedy,7,low,pop_17_op_e1_n2_251224_183126,e1,0.03984,1422,0.31991,False,4,pop_14_op_m1_n4_251224_174534,m1,0.14468,0.999290421934705,0.10484,False
bin_greedy,7,low,pop_17_op_e1_n2_251224_183126,e1,0.03984,1422,0.31991,False,5,pop_11_op_m2_n15_251224_170039,m2,0.04075,0.999290421934705,0.0009100000000000011,False
bin_greedy,8,high,pop_0_op_i1_n12_251225_020644,i1,1.51534,4279,0.962655,False,1,pop_0_op_i1_n11_251224_192433,i1,0.03984,0.9951341380101794,-1.4754999999999998,True
bin_greedy,8,high,pop_0_op_i1_n12_251225_020644,i1,1.51534,4279,0.962655,False,2,pop_1_op_m1_n7_251224_194832,m1,0.03984,0.991521782819117,-1.4754999999999998,True
bin_greedy,8,high,pop_0_op_i1_n12_251225_020644,i1,1.51534,4279,0.962655,False,3,pop_1_op_e2_n19_251224_194452,e2,0.06258,0.9909033354257432,-1.4527599999999998,True
bin_greedy,8,high,pop_0_op_i1_n12_251225_020644,i1,1.51534,4279,0.962655,False,4,pop_0_op_i1_n15_251224_192433,i1,0.03984,0.9908664908313443,-1.4754999999999998,True
bin_greedy,8,high,pop_0_op_i1_n12_251225_020644,i1,1.51534,4279,0.962655,False,5,pop_0_op_e1_n12_251224_134701,e1,0.05815,0.990788137300376,-1.45719,True
bin_greedy,9,low,pop_19_op_m2_n16_251225_020114,m2,0.01006,153,0.034421,True,1,pop_4_op_e2_n2_251224_203033,e2,0.33927,0.9992616004118735,0.32921,False
bin_greedy,9,low,pop_19_op_m2_n16_251225_020114,m2,0.01006,153,0.034421,True,2,pop_9_op_e1_n18_251224_220604,e1,0.03974,0.9990758000711736,0.029679999999999998,False
bin_greedy,9,low,pop_19_op_m2_n16_251225_020114,m2,0.01006,153,0.034421,True,3,pop_19_op_m1_n19_251225_015609,m1,0.04115,0.9989771459059228,0.03109,False
bin_greedy,9,low,pop_19_op_m2_n16_251225_020114,m2,0.01006,153,0.034421,True,4,pop_8_op_e1_n14_251224_214409,e1,0.04286,0.9989410742248064,0.0328,False
bin_greedy,9,low,pop_19_op_m2_n16_251225_020114,m2,0.01006,153,0.034421,True,5,pop_15_op_m1_n13_251225_002824,m1,0.13814,0.9985179918629925,0.12808000000000003,False
bin_greedy,10,high,pop_1_op_m1_n17_251225_023309,m1,0.30033,3037,0.68324,False,1,pop_16_op_e2_n4_251225_070340,e2,0.03984,0.9983398280668537,-0.26049,True
bin_greedy,10,high,pop_1_op_m1_n17_251225_023309,m1,0.30033,3037,0.68324,False,2,pop_13_op_e1_n4_251225_055930,e1,1.17416,0.9982702032419616,0.8738300000000001,False
bin_greedy,10,high,pop_1_op_m1_n17_251225_023309,m1,0.30033,3037,0.68324,False,3,pop_15_op_e1_n8_251225_063845,e1,0.22437,0.9981303042099486,-0.07595999999999997,True
bin_greedy,10,high,pop_1_op_m1_n17_251225_023309,m1,0.30033,3037,0.68324,False,4,pop_5_op_m2_n8_251225_034132,m2,0.02435,0.9980618911444653,-0.27598,True
bin_greedy,10,high,pop_1_op_m1_n17_251225_023309,m1,0.30033,3037,0.68324,False,5,pop_9_op_e2_n14_251225_044740,e2,0.04266,0.9980145778150596,-0.25767,True
cvrp_lns,1,low,pop_17_op_m2_n13_251228_014656,m2,3405423.7,90,0.057803,True,1,pop_16_op_m1_n2_251227_212615,m1,3360746.7,1.0,-44677.0,True
cvrp_lns,1,low,pop_17_op_m2_n13_251228_014656,m2,3405423.7,90,0.057803,True,2,pop_16_op_m2_n16_251227_221945,m2,3367718.6,1.0,-37705.10000000009,True
cvrp_lns,1,low,pop_17_op_m2_n13_251228_014656,m2,3405423.7,90,0.057803,True,3,pop_19_op_m2_n12_251228_083956,m2,3376936.4,1.0,-28487.30000000028,True
cvrp_lns,1,low,pop_17_op_m2_n13_251228_014656,m2,3405423.7,90,0.057803,True,4,pop_19_op_m2_n2_251228_083956,m2,3375819.9,1.0,-29603.80000000028,True
cvrp_lns,1,low,pop_17_op_m2_n13_251228_014656,m2,3405423.7,90,0.057803,True,5,pop_17_op_m2_n16_251228_014656,m2,3358167.9,1.0,-47255.80000000028,True
cvrp_lns,2,mid,pop_4_op_m1_n7_251226_051356,m1,3581952.6,529,0.339756,False,1,pop_15_op_m1_n1_251227_180037,m1,3478131.7,0.999719838787487,-103820.8999999999,True
cvrp_lns,2,mid,pop_4_op_m1_n7_251226_051356,m1,3581952.6,529,0.339756,False,2,pop_7_op_e1_n5_251226_131453,e1,3727023.3,0.9996829146831786,145070.69999999972,False
cvrp_lns,2,mid,pop_4_op_m1_n7_251226_051356,m1,3581952.6,529,0.339756,False,3,pop_7_op_e1_n4_251226_131453,e1,3700669.8,0.9996142229588247,118717.19999999972,False
cvrp_lns,2,mid,pop_4_op_m1_n7_251226_051356,m1,3581952.6,529,0.339756,False,4,pop_11_op_e2_n17_251227_033505,e2,3544051.6,0.9996008812819901,-37901.0,True
cvrp_lns,2,mid,pop_4_op_m1_n7_251226_051356,m1,3581952.6,529,0.339756,False,5,pop_12_op_e2_n4_251227_065610,e2,3595447.6,0.9995862030636314,13495.0,False
cvrp_lns,3,low,pop_4_op_m1_n6_251226_051356,m1,3570590.5,499,0.320488,False,1,pop_2_op_m1_n12_251225_230458,m1,3526693.1,0.9999792427765043,-43897.39999999991,True
cvrp_lns,3,low,pop_4_op_m1_n6_251226_051356,m1,3570590.5,499,0.320488,False,2,pop_4_op_m2_n2_251226_055944,m2,3561114.3,0.9999792427765043,-9476.200000000186,True
cvrp_lns,3,low,pop_4_op_m1_n6_251226_051356,m1,3570590.5,499,0.320488,False,3,pop_2_op_m2_n4_251225_235254,m2,3562910.3,0.999949689454671,-7680.200000000186,True
cvrp_lns,3,low,pop_4_op_m1_n6_251226_051356,m1,3570590.5,499,0.320488,False,4,pop_3_op_m2_n14_251226_025640,m2,3682957.1,0.9998804255186774,112366.6000000001,False
cvrp_lns,3,low,pop_4_op_m1_n6_251226_051356,m1,3570590.5,499,0.320488,False,5,pop_3_op_m1_n18_251226_020829,m1,3551329.1,0.999876396555285,-19261.399999999907,True
cvrp_lns,4,low,pop_19_op_e2_n12_251228_065631,e2,3466336.2,227,0.145793,False,1,pop_16_op_m1_n14_251227_212615,m1,3493577.6,0.999643797419734,27241.399999999907,False
cvrp_lns,4,low,pop_19_op_e2_n12_251228_065631,e2,3466336.2,227,0.145793,False,2,pop_19_op_e2_n14_251228_065631,e2,3367407.1,0.9996191752670427,-98929.1000000001,True
cvrp_lns,4,low,pop_19_op_e2_n12_251228_065631,e2,3466336.2,227,0.145793,False,3,pop_17_op_m2_n17_251228_014656,m2,3414770.9,0.9994835354524717,-51565.30000000028,True
cvrp_lns,4,low,pop_19_op_e2_n12_251228_065631,e2,3466336.2,227,0.145793,False,4,pop_15_op_m1_n14_251227_180037,m1,3628066.1,0.9994725940501495,161729.8999999999,False
cvrp_lns,4,low,pop_19_op_e2_n12_251228_065631,e2,3466336.2,227,0.145793,False,5,pop_17_op_e2_n15_251228_000153,e2,3421987.0,0.9994671286223002,-44349.200000000186,True
cvrp_lns,5,mid,pop_14_op_m2_n0_251227_152817,m2,3659070.4,726,0.466281,False,1,pop_11_op_m1_n13_251227_042439,m1,3646057.6,0.9996288315384481,-13012.799999999814,True
cvrp_lns,5,mid,pop_14_op_m2_n0_251227_152817,m2,3659070.4,726,0.466281,False,2,pop_11_op_m2_n4_251227_051511,m2,3566625.8,0.9996056908995569,-92444.6000000001,True
cvrp_lns,5,mid,pop_14_op_m2_n0_251227_152817,m2,3659070.4,726,0.466281,False,3,pop_13_op_m1_n8_251227_112032,m1,3545542.4,0.9996056908995569,-113528.0,True
cvrp_lns,5,mid,pop_14_op_m2_n0_251227_152817,m2,3659070.4,726,0.466281,False,4,pop_13_op_m2_n16_251227_121005,m2,3941550.3,0.9995962306834207,282479.8999999999,False
cvrp_lns,5,mid,pop_14_op_m2_n0_251227_152817,m2,3659070.4,726,0.466281,False,5,pop_8_op_m2_n17_251226_191044,m2,3628945.8,0.9995847416131193,-30124.600000000093,True
cvrp_lns,6,mid,pop_0_op_i1_n19_251225_141156,i1,3729041.2,837,0.537572,False,1,pop_0_op_m2_n14_251225_175347,m2,3770211.3,0.9991313434447938,41170.09999999963,False
cvrp_lns,6,mid,pop_0_op_i1_n19_251225_141156,i1,3729041.2,837,0.537572,False,2,pop_2_op_e2_n11_251225_221616,e2,3733295.8,0.9979984217790085,4254.5999999996275,False
cvrp_lns,6,mid,pop_0_op_i1_n19_251225_141156,i1,3729041.2,837,0.537572,False,3,pop_0_op_i1_n12_251225_141156,i1,3892117.7,0.9978090360206369,163076.5,False
cvrp_lns,6,mid,pop_0_op_i1_n19_251225_141156,i1,3729041.2,837,0.537572,False,4,pop_6_op_e2_n10_251226_105034,e2,3943139.2,0.9974690823295674,214098.0,False
cvrp_lns,6,mid,pop_0_op_i1_n19_251225_141156,i1,3729041.2,837,0.537572,False,5,pop_0_op_i1_n16_251225_141156,i1,3815288.4,0.9974164916040243,86247.19999999972,False
cvrp_lns,7,low,pop_2_op_e1_n9_251225_213311,e1,3550734.5,437,0.280668,False,1,pop_3_op_m1_n2_251226_020829,m1,3604990.2,0.9998402084820247,54255.700000000186,False
cvrp_lns,7,low,pop_2_op_e1_n9_251225_213311,e1,3550734.5,437,0.280668,False,2,pop_2_op_m2_n10_251225_235254,m2,3606282.9,0.999719636647979,55548.39999999991,False
cvrp_lns,7,low,pop_2_op_e1_n9_251225_213311,e1,3550734.5,437,0.280668,False,3,pop_3_op_m1_n12_251226_020829,m1,3536493.8,0.9995994292758906,-14240.700000000186,True
cvrp_lns,7,low,pop_2_op_e1_n9_251225_213311,e1,3550734.5,437,0.280668,False,4,pop_2_op_m1_n14_251225_230458,m1,3546928.2,0.9995677411424382,-3806.2999999998137,True
cvrp_lns,7,low,pop_2_op_e1_n9_251225_213311,e1,3550734.5,437,0.280668,False,5,pop_3_op_m2_n10_251226_025640,m2,3593751.9,0.99940077035293,43017.39999999991,False
cvrp_lns,8,high,pop_0_op_i1_n3_251225_145628,i1,3852077.6,1191,0.764933,False,1,pop_0_op_i1_n13_251225_145628,i1,3847298.8,0.997188025607869,-4778.800000000279,True
cvrp_lns,8,high,pop_0_op_i1_n3_251225_145628,i1,3852077.6,1191,0.764933,False,2,pop_0_op_e2_n0_251225_162047,e2,3949597.1,0.9971746177821323,97519.5,False
cvrp_lns,8,high,pop_0_op_i1_n3_251225_145628,i1,3852077.6,1191,0.764933,False,3,pop_0_op_i1_n14_251225_145628,i1,3815288.4,0.997071224744363,-36789.200000000186,True
cvrp_lns,8,high,pop_0_op_i1_n3_251225_145628,i1,3852077.6,1191,0.764933,False,4,pop_0_op_i1_n5_251225_141156,i1,3892087.9,0.9965381991605057,40010.299999999814,False
cvrp_lns,8,high,pop_0_op_i1_n3_251225_145628,i1,3852077.6,1191,0.764933,False,5,pop_0_op_i1_n19_251225_141156,i1,3729041.2,0.9964552333574151,-123036.3999999999,True
cvrp_lns,9,mid,pop_5_op_e1_n11_251226_064644,e1,3808717.5,1031,0.662171,False,1,pop_3_op_e1_n18_251226_003906,e1,3893279.6,0.9988912566004653,84562.1000000001,False
cvrp_lns,9,mid,pop_5_op_e1_n11_251226_064644,e1,3808717.5,1031,0.662171,False,2,pop_5_op_e2_n7_251226_073535,e2,3871200.4,0.9987247647818804,62482.89999999991,False
cvrp_lns,9,mid,pop_5_op_e1_n11_251226_064644,e1,3808717.5,1031,0.662171,False,3,pop_11_op_e2_n4_251227_033505,e2,3677310.3,0.9987053956227312,-131407.2000000002,True
cvrp_lns,9,mid,pop_5_op_e1_n11_251226_064644,e1,3808717.5,1031,0.662171,False,4,pop_19_op_e2_n10_251228_065631,e2,3491023.3,0.9986975210555699,-317694.2000000002,True
cvrp_lns,9,mid,pop_5_op_e1_n11_251226_064644,e1,3808717.5,1031,0.662171,False,5,pop_1_op_e1_n12_251225_183903,e1,3636743.0,0.9986652865202345,-171974.5,True
cvrp_lns,10,high,pop_1_op_m1_n0_251225_200231,m1,3944961.7,1404,0.901734,False,1,pop_1_op_e1_n11_251225_183903,e1,3937780.7,0.9982913770378136,-7181.0,True
cvrp_lns,10,high,pop_1_op_m1_n0_251225_200231,m1,3944961.7,1404,0.901734,False,2,pop_0_op_e2_n1_251225_162047,e2,3727338.2,0.9981714938666728,-217623.5,True
cvrp_lns,10,high,pop_1_op_m1_n0_251225_200231,m1,3944961.7,1404,0.901734,False,3,pop_2_op_e2_n6_251225_221616,e2,3804181.2,0.9980967415020026,-140780.5,True
cvrp_lns,10,high,pop_1_op_m1_n0_251225_200231,m1,3944961.7,1404,0.901734,False,4,pop_7_op_e2_n3_251226_140215,e2,3823194.6,0.9977863901271441,-121767.1000000001,True
cvrp_lns,10,high,pop_1_op_m1_n0_251225_200231,m1,3944961.7,1404,0.901734,False,5,pop_6_op_e2_n0_251226_105034,e2,3977110.3,0.9977678405907734,32148.599999999627,False
premarshalling_astar,1,low,pop_13_op_m2_n18_250821_223431,m2,0.33863,1139,0.245104,False,1,pop_14_op_m2_n15_250821_231254,m2,0.88488,1.0,0.54625,False
premarshalling_astar,1,low,pop_13_op_m2_n18_250821_223431,m2,0.33863,1139,0.245104,False,2,pop_19_op_m2_n14_250822_040805,m2,0.25855,1.0,-0.08007999999999998,True
premarshalling_astar,1,low,pop_13_op_m2_n18_250821_223431,m2,0.33863,1139,0.245104,False,3,pop_8_op_m1_n2_250821_183518,m1,0.10648,1.0,-0.23214999999999997,True
premarshalling_astar,1,low,pop_13_op_m2_n18_250821_223431,m2,0.33863,1139,0.245104,False,4,pop_16_op_m2_n19_250822_004123,m2,0.22244,1.0,-0.11618999999999999,True
premarshalling_astar,1,low,pop_13_op_m2_n18_250821_223431,m2,0.33863,1139,0.245104,False,5,pop_8_op_m2_n13_250821_184440,m2,0.22244,1.0,-0.11618999999999999,True
premarshalling_astar,2,mid,pop_5_op_m1_n0_250825_144407,m1,0.68948,2614,0.562513,False,1,pop_2_op_e2_n15_250825_120607,e2,0.68948,0.9999999999999998,0.0,False
premarshalling_astar,2,mid,pop_5_op_m1_n0_250825_144407,m1,0.68948,2614,0.562513,False,2,pop_6_op_m1_n14_250825_151929,m1,0.68948,0.9999999999999998,0.0,False
premarshalling_astar,2,mid,pop_5_op_m1_n0_250825_144407,m1,0.68948,2614,0.562513,False,3,pop_0_op_m1_n6_250825_104303,m1,0.68948,0.9980916030534349,0.0,False
premarshalling_astar,2,mid,pop_5_op_m1_n0_250825_144407,m1,0.68948,2614,0.562513,False,4,pop_2_op_e2_n12_250825_120607,e2,0.76131,0.9979773784137674,0.07183000000000006,False
premarshalling_astar,2,mid,pop_5_op_m1_n0_250825_144407,m1,0.68948,2614,0.562513,False,5,pop_3_op_e1_n11_250825_123957,e1,0.67043,0.9974874350821409,-0.01905000000000001,True
premarshalling_astar,3,low,pop_19_op_m1_n0_251114_131836,m1,0.10826,17,0.003658,True,1,pop_19_op_m1_n10_251114_131836,m1,0.12826,0.9997601086775537,0.020000000000000018,False
premarshalling_astar,3,low,pop_19_op_m1_n0_251114_131836,m1,0.10826,17,0.003658,True,2,pop_19_op_e1_n10_251114_125527,e1,0.10826,0.9997446502564071,0.0,False
premarshalling_astar,3,low,pop_19_op_m1_n0_251114_131836,m1,0.10826,17,0.003658,True,3,pop_19_op_m2_n5_251114_134114,m2,0.09398,0.9997446502564071,-0.014280000000000001,True
premarshalling_astar,3,low,pop_19_op_m1_n0_251114_131836,m1,0.10826,17,0.003658,True,4,pop_19_op_e2_n19_251114_131104,e2,0.10826,0.9997295738205937,0.0,False
premarshalling_astar,3,low,pop_19_op_m1_n0_251114_131836,m1,0.10826,17,0.003658,True,5,pop_19_op_e2_n12_251114_131104,e2,0.10826,0.9992185242438901,0.0,False
premarshalling_astar,4,low,pop_13_op_e2_n2_250821_221005,e2,0.14275,88,0.018937,True,1,pop_12_op_e2_n13_250821_212419,e2,0.61765,0.9994242493496023,0.47490000000000004,False
premarshalling_astar,4,low,pop_13_op_e2_n2_250821_221005,e2,0.14275,88,0.018937,True,2,pop_19_op_m1_n5_250822_035734,m1,0.14275,0.9989476950980418,0.0,False
premarshalling_astar,4,low,pop_13_op_e2_n2_250821_221005,e2,0.14275,88,0.018937,True,3,pop_14_op_e1_n18_250821_224258,e1,0.14275,0.9983784504876478,0.0,False
premarshalling_astar,4,low,pop_13_op_e2_n2_250821_221005,e2,0.14275,88,0.018937,True,4,pop_19_op_e1_n19_250822_032916,e1,7.68207,0.9977005362981948,7.53932,False
premarshalling_astar,4,low,pop_13_op_e2_n2_250821_221005,e2,0.14275,88,0.018937,True,5,pop_16_op_e2_n12_250822_002000,e2,0.49689,0.9976557586096719,0.35414,False
premarshalling_astar,5,mid,pop_11_op_m2_n10_250818_191239,m2,1.17707,2929,0.630299,False,1,pop_19_op_m2_n1_250820_012236,m2,1.17707,1.0000000000000002,0.0,False
premarshalling_astar,5,mid,pop_11_op_m2_n10_250818_191239,m2,1.17707,2929,0.630299,False,2,pop_12_op_m1_n4_250818_214935,m1,1.17707,1.0000000000000002,0.0,False
premarshalling_astar,5,mid,pop_11_op_m2_n10_250818_191239,m2,1.17707,2929,0.630299,False,3,pop_12_op_m1_n1_250818_214935,m1,1.17707,1.0000000000000002,0.0,False
premarshalling_astar,5,mid,pop_11_op_m2_n10_250818_191239,m2,1.17707,2929,0.630299,False,4,pop_19_op_m2_n9_250820_012236,m2,1.17707,1.0000000000000002,0.0,False
premarshalling_astar,5,mid,pop_11_op_m2_n10_250818_191239,m2,1.17707,2929,0.630299,False,5,pop_13_op_m2_n18_250819_023104,m2,1.17707,1.0000000000000002,0.0,False
premarshalling_astar,6,mid,pop_0_op_i1_n0_250821_120940,i1,1.17207,2928,0.630084,False,1,pop_0_op_m2_n3_250821_131401,m2,8.79957,0.9989201556327166,7.6274999999999995,False
premarshalling_astar,6,mid,pop_0_op_i1_n0_250821_120940,i1,1.17207,2928,0.630084,False,2,pop_1_op_m1_n6_250821_135054,m1,0.88362,0.9986372136406065,-0.28845,True
premarshalling_astar,6,mid,pop_0_op_i1_n0_250821_120940,i1,1.17207,2928,0.630084,False,3,pop_4_op_e2_n9_250821_153039,e2,0.73193,0.9982554965178827,-0.44014,True
premarshalling_astar,6,mid,pop_0_op_i1_n0_250821_120940,i1,1.17207,2928,0.630084,False,4,pop_0_op_e2_n6_250821_124235,e2,11.1329,0.9982547499555091,9.96083,False
premarshalling_astar,6,mid,pop_0_op_i1_n0_250821_120940,i1,1.17207,2928,0.630084,False,5,pop_11_op_e1_n10_250821_202035,e1,1.5864,0.9978538674424113,0.4143300000000001,False
premarshalling_astar,7,low,pop_16_op_e1_n17_250819_105708,e1,0.35344,1282,0.275877,False,1,pop_17_op_e2_n17_250819_154113,e2,0.2799,0.9995165908746179,-0.07354,True
premarshalling_astar,7,low,pop_16_op_e1_n17_250819_105708,e1,0.35344,1282,0.275877,False,2,pop_18_op_m1_n1_250819_203800,m1,0.3324,0.9993948334452972,-0.021040000000000003,True
premarshalling_astar,7,low,pop_16_op_e1_n17_250819_105708,e1,0.35344,1282,0.275877,False,3,pop_14_op_e1_n19_250819_032631,e1,10.69957,0.9993139678505001,10.346129999999999,False
premarshalling_astar,7,low,pop_16_op_e1_n17_250819_105708,e1,0.35344,1282,0.275877,False,4,pop_15_op_e2_n12_250819_075923,e2,3.22139,0.9992677118369134,2.86795,False
premarshalling_astar,7,low,pop_16_op_e1_n17_250819_105708,e1,0.35344,1282,0.275877,False,5,pop_7_op_m1_n11_250818_013530,m1,8.81957,0.9992313368622997,8.46613,False
premarshalling_astar,8,high,pop_0_op_i1_n9_250825_095101,i1,13.9329,4543,0.97762,False,1,pop_18_op_e1_n0_251114_120931,e1,0.11937,0.9945287658451385,-13.81353,True
premarshalling_astar,8,high,pop_0_op_i1_n9_250825_095101,i1,13.9329,4543,0.97762,False,2,pop_19_op_m2_n16_251114_134114,m2,0.34066,0.9942290212571603,-13.59224,True
premarshalling_astar,8,high,pop_0_op_i1_n9_250825_095101,i1,13.9329,4543,0.97762,False,3,pop_19_op_e1_n0_251114_125527,e1,0.33867,0.9941226655351355,-13.59423,True
premarshalling_astar,8,high,pop_0_op_i1_n9_250825_095101,i1,13.9329,4543,0.97762,False,4,pop_12_op_e1_n3_250825_195929,e1,0.96818,0.993613271390772,-12.96472,True
premarshalling_astar,8,high,pop_0_op_i1_n9_250825_095101,i1,13.9329,4543,0.97762,False,5,pop_18_op_m2_n6_251114_124328,m2,0.32216,0.9935140926232422,-13.61074,True
premarshalling_astar,9,mid,pop_17_op_e1_n11_250822_005416,e1,0.50625,2090,0.449753,False,1,pop_11_op_e2_n8_250821_203358,e2,0.4012,0.998364408676407,-0.10504999999999998,True
premarshalling_astar,9,mid,pop_17_op_e1_n11_250822_005416,e1,0.50625,2090,0.449753,False,2,pop_17_op_e2_n11_250822_020553,e2,0.35506,0.9982330650201675,-0.15119,True
premarshalling_astar,9,mid,pop_17_op_e1_n11_250822_005416,e1,0.50625,2090,0.449753,False,3,pop_13_op_m2_n9_250821_223431,m2,0.25831,0.9981722485986076,-0.24794,True
premarshalling_astar,9,mid,pop_17_op_e1_n11_250822_005416,e1,0.50625,2090,0.449753,False,4,pop_19_op_m1_n13_250822_035734,m1,0.29684,0.9980522111890325,-0.20940999999999999,True
premarshalling_astar,9,mid,pop_17_op_e1_n11_250822_005416,e1,0.50625,2090,0.449753,False,5,pop_11_op_m1_n13_250821_204759,m1,0.16953,0.9979762989131761,-0.33672,True
premarshalling_astar,10,high,pop_11_op_m1_n15_250818_181344,m1,3.27528,3497,0.752529,False,1,pop_10_op_m2_n11_250818_151722,m2,3.27528,1.0000000000000002,0.0,False
premarshalling_astar,10,high,pop_11_op_m1_n15_250818_181344,m1,3.27528,3497,0.752529,False,2,pop_7_op_m2_n8_250818_030647,m2,3.33361,0.9992628673896007,0.058330000000000215,False
premarshalling_astar,10,high,pop_11_op_m1_n15_250818_181344,m1,3.27528,3497,0.752529,False,3,pop_10_op_m1_n9_250818_140658,m1,4.10429,0.9970370322996556,0.8290099999999998,False
premarshalling_astar,10,high,pop_11_op_m1_n15_250818_181344,m1,3.27528,3497,0.752529,False,4,pop_11_op_m1_n8_250818_181344,m1,4.10429,0.9970370322996556,0.8290099999999998,False
premarshalling_astar,10,high,pop_11_op_m1_n15_250818_181344,m1,3.27528,3497,0.752529,False,5,pop_7_op_m2_n4_250818_030647,m2,8.81957,0.9966662349622109,5.54429,False
puzzle_astar,1,low,pop_14_op_m2_n5_251009_013943,m2,1.50491,1411,0.290449,False,1,pop_12_op_m2_n11_251008_202653,m2,1.19082,0.9999811323558706,-0.31409,True
puzzle_astar,1,low,pop_14_op_m2_n5_251009_013943,m2,1.50491,1411,0.290449,False,2,pop_7_op_e2_n14_251008_083110,e2,0.91527,0.9999547696678925,-0.5896399999999999,True
puzzle_astar,1,low,pop_14_op_m2_n5_251009_013943,m2,1.50491,1411,0.290449,False,3,pop_13_op_m1_n6_251008_230239,m1,0.91527,0.9999547696678925,-0.5896399999999999,True
puzzle_astar,1,low,pop_14_op_m2_n5_251009_013943,m2,1.50491,1411,0.290449,False,4,pop_7_op_m2_n17_251008_092925,m2,1.18465,0.9999374582475902,-0.32026,True
puzzle_astar,1,low,pop_14_op_m2_n5_251009_013943,m2,1.50491,1411,0.290449,False,5,pop_14_op_m2_n1_251009_013943,m2,0.91527,0.9999247044049246,-0.5896399999999999,True
puzzle_astar,2,mid,pop_8_op_m1_n8_251005_093415,m1,1.617,1627,0.334911,False,1,pop_16_op_m1_n19_251006_003147,m1,1.66645,0.9995865365288815,0.049449999999999994,False
puzzle_astar,2,mid,pop_8_op_m1_n8_251005_093415,m1,1.617,1627,0.334911,False,2,pop_13_op_m1_n0_251005_191524,m1,1.30439,0.9994950253701504,-0.31261000000000005,True
puzzle_astar,2,mid,pop_8_op_m1_n8_251005_093415,m1,1.617,1627,0.334911,False,3,pop_12_op_m1_n16_251005_163256,m1,1.67621,0.9994415220766774,0.059209999999999985,False
puzzle_astar,2,mid,pop_8_op_m1_n8_251005_093415,m1,1.617,1627,0.334911,False,4,pop_7_op_e2_n0_251005_072556,e2,1.14855,0.999331382204668,-0.46845000000000003,True
puzzle_astar,2,mid,pop_8_op_m1_n8_251005_093415,m1,1.617,1627,0.334911,False,5,pop_10_op_m2_n11_251005_132908,m2,1.63478,0.999331382204668,0.017779999999999907,False
puzzle_astar,3,low,pop_19_op_m1_n11_251006_055659,m1,0.91381,433,0.089131,True,1,pop_18_op_m1_n0_251006_040930,m1,1.25319,0.9998648151653852,0.33938,False
puzzle_astar,3,low,pop_19_op_m1_n11_251006_055659,m1,0.91381,433,0.089131,True,2,pop_17_op_m2_n11_251006_024659,m2,1.54305,0.9997932158125518,0.62924,False
puzzle_astar,3,low,pop_19_op_m1_n11_251006_055659,m1,0.91381,433,0.089131,True,3,pop_16_op_m1_n12_251006_003147,m1,0.91092,0.9997921287109872,-0.002890000000000059,True
puzzle_astar,3,low,pop_19_op_m1_n11_251006_055659,m1,0.91381,433,0.089131,True,4,pop_16_op_m1_n7_251006_003147,m1,1.51329,0.9997474864153179,0.59948,False
puzzle_astar,3,low,pop_19_op_m1_n11_251006_055659,m1,0.91381,433,0.089131,True,5,pop_18_op_m1_n4_251006_040930,m1,0.91381,0.999739434484872,0.0,False
puzzle_astar,4,low,pop_19_op_e2_n5_251006_053013,e2,1.1781,950,0.195554,False,1,pop_19_op_m1_n8_251006_055659,m1,0.91263,0.9999127351936579,-0.2654699999999999,True
puzzle_astar,4,low,pop_19_op_e2_n5_251006_053013,e2,1.1781,950,0.195554,False,2,pop_19_op_e2_n17_251006_053013,e2,0.91263,0.9999008207529138,-0.2654699999999999,True
puzzle_astar,4,low,pop_19_op_e2_n5_251006_053013,e2,1.1781,950,0.195554,False,3,pop_18_op_m1_n9_251006_040930,m1,1.45501,0.9998858996694902,0.27691,False
puzzle_astar,4,low,pop_19_op_e2_n5_251006_053013,e2,1.1781,950,0.195554,False,4,pop_16_op_e1_n2_251005_234007,e1,1.53886,0.9998230072507474,0.36075999999999997,False
puzzle_astar,4,low,pop_19_op_e2_n5_251006_053013,e2,1.1781,950,0.195554,False,5,pop_16_op_m1_n0_251006_003147,m1,1.08893,0.999715325295511,-0.08916999999999997,True
puzzle_astar,5,mid,pop_3_op_m2_n16_251005_011247,m2,1.74981,1815,0.373611,False,1,pop_2_op_m2_n13_251004_233101,m2,2.5337,0.9986902747555517,0.78389,False
puzzle_astar,5,mid,pop_3_op_m2_n16_251005_011247,m2,1.74981,1815,0.373611,False,2,pop_3_op_m1_n0_251005_004701,m1,2.28037,0.9986902747555517,0.5305599999999999,False
puzzle_astar,5,mid,pop_3_op_m2_n16_251005_011247,m2,1.74981,1815,0.373611,False,3,pop_1_op_m1_n1_251004_212208,m1,2.0088,0.9986504464263212,0.25898999999999983,False
puzzle_astar,5,mid,pop_3_op_m2_n16_251005_011247,m2,1.74981,1815,0.373611,False,4,pop_1_op_e1_n10_251004_203346,e1,2.28037,0.998591270324218,0.5305599999999999,False
puzzle_astar,5,mid,pop_3_op_m2_n16_251005_011247,m2,1.74981,1815,0.373611,False,5,pop_1_op_m1_n4_251004_212208,m1,2.28037,0.9985545433316814,0.5305599999999999,False
puzzle_astar,6,mid,pop_0_op_i1_n9_251016_142943,i1,2.20381,2818,0.580074,False,1,pop_0_op_i1_n1_251004_184152,i1,2.20381,0.9999999999999998,0.0,False
puzzle_astar,6,mid,pop_0_op_i1_n9_251016_142943,i1,2.20381,2818,0.580074,False,2,pop_0_op_i1_n8_251016_142943,i1,2.20381,0.9999999999999998,0.0,False
puzzle_astar,6,mid,pop_0_op_i1_n9_251016_142943,i1,2.20381,2818,0.580074,False,3,pop_0_op_i1_n15_251016_195425,i1,2.20381,0.9999999999999998,0.0,False
puzzle_astar,6,mid,pop_0_op_i1_n9_251016_142943,i1,2.20381,2818,0.580074,False,4,pop_0_op_i1_n6_251007_183925,i1,2.20381,0.9999999999999998,0.0,False
puzzle_astar,6,mid,pop_0_op_i1_n9_251016_142943,i1,2.20381,2818,0.580074,False,5,pop_0_op_i1_n6_251007_190335,i1,2.20381,0.9999999999999998,0.0,False
puzzle_astar,7,low,pop_9_op_e1_n9_251005_102726,e1,1.26911,1091,0.224578,False,1,pop_7_op_m2_n17_251005_081804,m2,1.23234,1.0,-0.03676999999999997,True
puzzle_astar,7,low,pop_9_op_e1_n9_251005_102726,e1,1.26911,1091,0.224578,False,2,pop_6_op_e1_n5_251005_051231,e1,1.26911,1.0,0.0,False
puzzle_astar,7,low,pop_9_op_e1_n9_251005_102726,e1,1.26911,1091,0.224578,False,3,pop_6_op_m2_n4_251005_063028,m2,1.7025,1.0,0.43338999999999994,False
puzzle_astar,7,low,pop_9_op_e1_n9_251005_102726,e1,1.26911,1091,0.224578,False,4,pop_6_op_m2_n2_251005_063028,m2,1.24458,1.0,-0.02452999999999994,True
puzzle_astar,7,low,pop_9_op_e1_n9_251005_102726,e1,1.26911,1091,0.224578,False,5,pop_6_op_m2_n19_251005_063028,m2,1.88412,0.999962395401299,0.6150100000000001,False
puzzle_astar,8,high,pop_0_op_i1_n15_251016_142943,i1,2.5337,3600,0.741046,False,1,pop_0_op_i1_n12_251004_181821,i1,2.5337,1.0000000000000002,0.0,False
puzzle_astar,8,high,pop_0_op_i1_n15_251016_142943,i1,2.5337,3600,0.741046,False,2,pop_0_op_i1_n9_251004_184152,i1,2.5337,1.0000000000000002,0.0,False
puzzle_astar,8,high,pop_0_op_i1_n15_251016_142943,i1,2.5337,3600,0.741046,False,3,pop_0_op_i1_n5_251004_184152,i1,2.5337,1.0000000000000002,0.0,False
puzzle_astar,8,high,pop_0_op_i1_n15_251016_142943,i1,2.5337,3600,0.741046,False,4,pop_0_op_i1_n7_251004_184152,i1,2.5337,1.0000000000000002,0.0,False
puzzle_astar,8,high,pop_0_op_i1_n15_251016_142943,i1,2.5337,3600,0.741046,False,5,pop_0_op_i1_n7_251016_195425,i1,2.5337,1.0000000000000002,0.0,False
puzzle_astar,9,mid,pop_4_op_e1_n14_251008_022932,e1,1.90788,2192,0.451214,False,1,pop_17_op_e1_n8_251006_012645,e1,2.5337,0.9976559294073295,0.62582,False
puzzle_astar,9,mid,pop_4_op_e1_n14_251008_022932,e1,1.90788,2192,0.451214,False,2,pop_18_op_m1_n14_251006_040930,m1,2.09752,0.9974822905406576,0.1896399999999998,False
puzzle_astar,9,mid,pop_4_op_e1_n14_251008_022932,e1,1.90788,2192,0.451214,False,3,pop_6_op_e1_n10_251005_051231,e1,2.5337,0.9973404255110146,0.62582,False
puzzle_astar,9,mid,pop_4_op_e1_n14_251008_022932,e1,1.90788,2192,0.451214,False,4,pop_18_op_e1_n1_251006_031442,e1,2.27773,0.9971858728428858,0.36985,False
puzzle_astar,9,mid,pop_4_op_e1_n14_251008_022932,e1,1.90788,2192,0.451214,False,5,pop_18_op_e2_n19_251009_085040,e2,2.5337,0.9971484216447387,0.62582,False
puzzle_astar,10,high,pop_18_op_m1_n0_251009_092244,m1,2.37694,3334,0.686291,False,1,pop_19_op_m1_n5_251009_112827,m1,2.37694,0.9994973196483206,0.0,False
puzzle_astar,10,high,pop_18_op_m1_n0_251009_092244,m1,2.37694,3334,0.686291,False,2,pop_5_op_e1_n16_251023_161129,e1,2.2888,0.9987941596490498,-0.08813999999999966,True
puzzle_astar,10,high,pop_18_op_m1_n0_251009_092244,m1,2.37694,3334,0.686291,False,3,pop_15_op_m1_n1_251009_031407,m1,2.2888,0.9986639045124238,-0.08813999999999966,True
puzzle_astar,10,high,pop_18_op_m1_n0_251009_092244,m1,2.37694,3334,0.686291,False,4,pop_14_op_e1_n14_251009_000518,e1,2.10756,0.9985954261694455,-0.26937999999999995,True
puzzle_astar,10,high,pop_18_op_m1_n0_251009_092244,m1,2.37694,3334,0.686291,False,5,pop_12_op_m1_n12_251008_195611,m1,2.5337,0.9985820248295489,0.15676000000000023,False
