app_type,group_id,objective_bin,main_heuristic_id,main_strategy,main_objective,main_obj_rank,main_obj_percentile,main_is_good_top10pct,neighbor_rank,neighbor_heuristic_id,neighbor_strategy,neighbor_objective,ast_cosine_sim,neighbor_obj_diff,neighbor_is_better_than_main,cb_d_sim,codebleu_score,cb_d_perf
bin_greedy,1,low,pop_8_op_m1_n11_251224_161205,m1,0.03391,1063,0.239145,False,1,pop_9_op_e2_n8_251225_044740,e2,0.59241,0.9993867032748872,0.5585,False,0.7052961775136469,0.2947038224863531,0.5585
bin_greedy,1,low,pop_8_op_m1_n11_251224_161205,m1,0.03391,1063,0.239145,False,2,pop_5_op_m2_n17_251224_153547,m2,0.03159,0.999272937735711,-0.00232,True,0.5796584577380952,0.4203415422619048,0.0023200000000000026
bin_greedy,1,low,pop_8_op_m1_n11_251224_161205,m1,0.03391,1063,0.239145,False,3,pop_6_op_m2_n16_251224_154925,m2,0.13211,0.9991081476436712,0.0982,False,0.5581222874215269,0.4418777125784731,0.09820000000000001
bin_greedy,1,low,pop_8_op_m1_n11_251224_161205,m1,0.03391,1063,0.239145,False,4,pop_6_op_e2_n3_251224_154252,e2,0.03079,0.9990616746308536,-0.00312,True,0.5734136113796557,0.42658638862034426,0.0031200000000000012
bin_greedy,1,low,pop_8_op_m1_n11_251224_161205,m1,0.03391,1063,0.239145,False,5,pop_7_op_e1_n8_251224_155243,e1,0.03139,0.9990133208629034,-0.00252,True,0.5809279574961419,0.4190720425038581,0.0025200000000000014
bin_greedy,2,mid,pop_17_op_m1_n17_251224_184025,m1,0.17074,2891,0.650394,False,1,pop_17_op_e1_n12_251224_183126,e1,0.01127,0.9991651712697204,-0.15947,True,0.5857550256728016,0.4142449743271984,0.15947
bin_greedy,2,mid,pop_17_op_m1_n17_251224_184025,m1,0.17074,2891,0.650394,False,2,pop_16_op_e2_n5_251224_181906,e2,0.60107,0.999076077551834,0.43033,False,0.5877985675392341,0.4122014324607659,0.43033
bin_greedy,2,mid,pop_17_op_m1_n17_251224_184025,m1,0.17074,2891,0.650394,False,3,pop_12_op_e2_n4_251224_170832,e2,1.48405,0.9989942916134934,1.31331,False,0.6317829483748991,0.3682170516251009,1.31331
bin_greedy,2,mid,pop_17_op_m1_n17_251224_184025,m1,0.17074,2891,0.650394,False,4,pop_16_op_e2_n14_251224_181906,e2,0.62481,0.9988840365579784,0.45407,False,0.6025972257490765,0.3974027742509235,0.45407
bin_greedy,2,mid,pop_17_op_m1_n17_251224_184025,m1,0.17074,2891,0.650394,False,5,pop_12_op_e2_n3_251224_170832,e2,0.62773,0.9988840365579784,0.45699,False,0.6307829253778322,0.3692170746221678,0.45699
bin_greedy,3,low,pop_0_op_i1_n4_251225_020904,i1,0.03984,1422,0.31991,False,1,pop_0_op_i1_n15_251224_192233,i1,1.51534,0.9940654567149634,1.4754999999999998,False,0.6196511772119719,0.38034882278802806,1.4754999999999998
bin_greedy,3,low,pop_0_op_i1_n4_251225_020904,i1,0.03984,1422,0.31991,False,2,pop_0_op_i1_n10_251225_020904,i1,0.03984,0.9939949701503672,0.0,False,0.43093260728131355,0.5690673927186864,0.0
bin_greedy,3,low,pop_0_op_i1_n4_251225_020904,i1,0.03984,1422,0.31991,False,3,pop_0_op_m2_n4_251224_135519,m2,0.05363,0.992384649743471,0.0137899999999999,False,0.6161089988917012,0.38389100110829877,0.013789999999999997
bin_greedy,3,low,pop_0_op_i1_n4_251225_020904,i1,0.03984,1422,0.31991,False,4,pop_0_op_i1_n2_251225_020904,i1,0.05071,0.9914677048813672,0.0108699999999999,False,0.6624262692890575,0.33757373071094254,0.010869999999999998
bin_greedy,3,low,pop_0_op_i1_n4_251225_020904,i1,0.03984,1422,0.31991,False,5,pop_0_op_i1_n9_251224_192433,i1,1.51534,0.9909500401039308,1.4754999999999998,False,0.5666541826247349,0.4333458173752651,1.4754999999999998
bin_greedy,4,low,pop_8_op_e2_n3_251225_042810,e2,0.02294,626,0.140832,False,1,pop_9_op_e2_n9_251225_044740,e2,0.0323,0.9991555041287656,0.00936,False,0.31075005217096063,0.6892499478290394,0.009360000000000004
bin_greedy,4,low,pop_8_op_e2_n3_251225_042810,e2,0.02294,626,0.140832,False,2,pop_17_op_e1_n1_251225_071627,e1,0.87323,0.9991000898650044,0.85029,False,0.45078750395654343,0.5492124960434566,0.85029
bin_greedy,4,low,pop_8_op_e2_n3_251225_042810,e2,0.02294,626,0.140832,False,3,pop_18_op_e2_n18_251225_073846,e2,0.11571,0.998931327575244,0.0927699999999999,False,0.348672034639363,0.651327965360637,0.09276999999999999
bin_greedy,4,low,pop_8_op_e2_n3_251225_042810,e2,0.02294,626,0.140832,False,4,pop_12_op_m2_n5_251225_055507,m2,0.01409,0.99886175995301,-0.0088499999999999,True,0.3896247747810382,0.6103752252189618,0.008849999999999998
bin_greedy,4,low,pop_8_op_e2_n3_251225_042810,e2,0.02294,626,0.140832,False,5,pop_13_op_m2_n19_251225_061422,m2,0.01097,0.9988473832387468,-0.0119699999999999,True,0.4419009297822609,0.5580990702177391,0.011969999999999998
bin_greedy,5,mid,pop_3_op_m2_n9_251224_202201,m2,0.21431,2942,0.661867,False,1,pop_0_op_m2_n11_251224_193827,m2,0.04226,0.998144083923529,-0.17205,True,0.3961780598331722,0.6038219401668278,0.17205
bin_greedy,5,mid,pop_3_op_m2_n9_251224_202201,m2,0.21431,2942,0.661867,False,2,pop_3_op_m2_n17_251224_202201,m2,0.02807,0.9964713101223728,-0.18624,True,0.3717485147315437,0.6282514852684563,0.18624
bin_greedy,5,mid,pop_3_op_m2_n9_251224_202201,m2,0.21431,2942,0.661867,False,3,pop_9_op_m2_n14_251225_045729,m2,1.51534,0.996345382045583,1.30103,False,0.702925214753779,0.297074785246221,1.30103
bin_greedy,5,mid,pop_3_op_m2_n9_251224_202201,m2,0.21431,2942,0.661867,False,4,pop_2_op_e2_n5_251224_195847,e2,0.31412,0.9963418007309448,0.09981,False,0.6787900698338399,0.32120993016616006,0.09981000000000001
bin_greedy,5,mid,pop_3_op_m2_n9_251224_202201,m2,0.21431,2942,0.661867,False,5,pop_1_op_m1_n17_251224_194832,m1,0.86508,0.9963175745290136,0.65077,False,0.7381823986492864,0.26181760135071364,0.65077
bin_greedy,6,mid,pop_0_op_i1_n13_251224_192433,i1,0.14418,2840,0.63892,False,1,pop_0_op_e2_n4_251224_134950,e2,1.51534,0.9984234698571468,1.37116,False,0.5948026496292597,0.40519735037074034,1.37116
bin_greedy,6,mid,pop_0_op_i1_n13_251224_192433,i1,0.14418,2840,0.63892,False,2,pop_0_op_i1_n7_251225_020644,i1,1.51534,0.9970052234485156,1.37116,False,0.5852200720189199,0.4147799279810801,1.37116
bin_greedy,6,mid,pop_0_op_i1_n13_251224_192433,i1,0.14418,2840,0.63892,False,3,pop_0_op_i1_n2_251224_134528,i1,1.51534,0.9968226584494326,1.37116,False,0.5905271799025467,0.40947282009745334,1.37116
bin_greedy,6,mid,pop_0_op_i1_n13_251224_192433,i1,0.14418,2840,0.63892,False,4,pop_0_op_m2_n14_251224_135519,m2,1.51534,0.9967938723001094,1.37116,False,0.5839618490782768,0.41603815092172325,1.37116
bin_greedy,6,mid,pop_0_op_i1_n13_251224_192433,i1,0.14418,2840,0.63892,False,5,pop_0_op_e1_n4_251224_134701,e1,0.14056,0.99644316996874,-0.00362,True,0.5816476706677737,0.4183523293322263,0.003620000000000012
bin_greedy,7,low,pop_17_op_e1_n2_251224_183126,e1,0.03984,1422,0.31991,False,1,pop_19_op_e1_n5_251224_190503,e1,1.14297,0.9996174446416444,1.10313,False,0.5169407861036145,0.4830592138963855,1.10313
bin_greedy,7,low,pop_17_op_e1_n2_251224_183126,e1,0.03984,1422,0.31991,False,2,pop_14_op_m2_n9_251224_174931,m2,0.50538,0.999327153035904,0.46554,False,0.5246295583081301,0.4753704416918699,0.46554000000000006
bin_greedy,7,low,pop_17_op_e1_n2_251224_183126,e1,0.03984,1422,0.31991,False,3,pop_17_op_e2_n4_251224_183600,e2,1.00966,0.9993033019643484,0.96982,False,0.41367331108188543,0.5863266889181146,0.96982
bin_greedy,7,low,pop_17_op_e1_n2_251224_183126,e1,0.03984,1422,0.31991,False,4,pop_14_op_m1_n4_251224_174534,m1,0.14468,0.999290421934705,0.10484,False,0.5320570318528683,0.46794296814713165,0.10484
bin_greedy,7,low,pop_17_op_e1_n2_251224_183126,e1,0.03984,1422,0.31991,False,5,pop_11_op_m2_n15_251224_170039,m2,0.04075,0.999290421934705,0.00091,False,0.5103112088574352,0.4896887911425648,0.0009100000000000011
bin_greedy,8,high,pop_0_op_i1_n12_251225_020644,i1,1.51534,4279,0.962655,False,1,pop_0_op_i1_n11_251224_192433,i1,0.03984,0.9951341380101794,-1.4754999999999998,True,0.6301083909042187,0.36989160909578134,1.4754999999999998
bin_greedy,8,high,pop_0_op_i1_n12_251225_020644,i1,1.51534,4279,0.962655,False,2,pop_1_op_m1_n7_251224_194832,m1,0.03984,0.991521782819117,-1.4754999999999998,True,0.6865667657037406,0.31343323429625936,1.4754999999999998
bin_greedy,8,high,pop_0_op_i1_n12_251225_020644,i1,1.51534,4279,0.962655,False,3,pop_1_op_e2_n19_251224_194452,e2,0.06258,0.9909033354257432,-1.4527599999999998,True,0.6806461354396675,0.31935386456033255,1.4527599999999998
bin_greedy,8,high,pop_0_op_i1_n12_251225_020644,i1,1.51534,4279,0.962655,False,4,pop_0_op_i1_n15_251224_192433,i1,0.03984,0.9908664908313444,-1.4754999999999998,True,0.5313148652983908,0.4686851347016092,1.4754999999999998
bin_greedy,8,high,pop_0_op_i1_n12_251225_020644,i1,1.51534,4279,0.962655,False,5,pop_0_op_e1_n12_251224_134701,e1,0.05815,0.990788137300376,-1.45719,True,0.6021639241855462,0.3978360758144538,1.45719
bin_greedy,9,low,pop_19_op_m2_n16_251225_020114,m2,0.01006,153,0.034421,True,1,pop_4_op_e2_n2_251224_203033,e2,0.33927,0.9992616004118736,0.32921,False,0.5228437603273934,0.47715623967260656,0.32921
bin_greedy,9,low,pop_19_op_m2_n16_251225_020114,m2,0.01006,153,0.034421,True,2,pop_9_op_e1_n18_251224_220604,e1,0.03974,0.9990758000711736,0.0296799999999999,False,0.3345761164779061,0.6654238835220939,0.029679999999999998
bin_greedy,9,low,pop_19_op_m2_n16_251225_020114,m2,0.01006,153,0.034421,True,3,pop_19_op_m1_n19_251225_015609,m1,0.04115,0.9989771459059228,0.03109,False,0.37493326891018564,0.6250667310898144,0.03109
bin_greedy,9,low,pop_19_op_m2_n16_251225_020114,m2,0.01006,153,0.034421,True,4,pop_8_op_e1_n14_251224_214409,e1,0.04286,0.9989410742248064,0.0328,False,0.4525986158067179,0.5474013841932821,0.0328
bin_greedy,9,low,pop_19_op_m2_n16_251225_020114,m2,0.01006,153,0.034421,True,5,pop_15_op_m1_n13_251225_002824,m1,0.13814,0.9985179918629924,0.12808,False,0.45706755076500716,0.5429324492349928,0.12808000000000003
bin_greedy,10,high,pop_1_op_m1_n17_251225_023309,m1,0.30033,3037,0.68324,False,1,pop_16_op_e2_n4_251225_070340,e2,0.03984,0.9983398280668536,-0.26049,True,0.44279367599316954,0.5572063240068305,0.26049
bin_greedy,10,high,pop_1_op_m1_n17_251225_023309,m1,0.30033,3037,0.68324,False,2,pop_13_op_e1_n4_251225_055930,e1,1.17416,0.9982702032419616,0.8738300000000001,False,0.5592058560022495,0.4407941439977505,0.8738300000000001
bin_greedy,10,high,pop_1_op_m1_n17_251225_023309,m1,0.30033,3037,0.68324,False,3,pop_15_op_e1_n8_251225_063845,e1,0.22437,0.9981303042099486,-0.0759599999999999,True,0.500264949834692,0.49973505016530795,0.07595999999999997
bin_greedy,10,high,pop_1_op_m1_n17_251225_023309,m1,0.30033,3037,0.68324,False,4,pop_5_op_m2_n8_251225_034132,m2,0.02435,0.9980618911444652,-0.27598,True,0.3963422262525895,0.6036577737474105,0.27598
bin_greedy,10,high,pop_1_op_m1_n17_251225_023309,m1,0.30033,3037,0.68324,False,5,pop_9_op_e2_n14_251225_044740,e2,0.04266,0.9980145778150596,-0.25767,True,0.5293412404197205,0.4706587595802795,0.25767
cvrp_lns,1,low,pop_17_op_m2_n13_251228_014656,m2,3405423.7,90,0.057803,True,1,pop_16_op_m1_n2_251227_212615,m1,3360746.7,1.0,-44677.0,True,0.03587952814620854,0.9641204718537915,44677.0
cvrp_lns,1,low,pop_17_op_m2_n13_251228_014656,m2,3405423.7,90,0.057803,True,2,pop_16_op_m2_n16_251227_221945,m2,3367718.6,1.0,-37705.10000000009,True,0.0807575788378515,0.9192424211621485,37705.10000000009
cvrp_lns,1,low,pop_17_op_m2_n13_251228_014656,m2,3405423.7,90,0.057803,True,3,pop_19_op_m2_n12_251228_083956,m2,3376936.4,1.0,-28487.30000000028,True,0.03984379913320113,0.9601562008667989,28487.30000000028
cvrp_lns,1,low,pop_17_op_m2_n13_251228_014656,m2,3405423.7,90,0.057803,True,4,pop_19_op_m2_n2_251228_083956,m2,3375819.9,1.0,-29603.80000000028,True,0.05125117463983808,0.9487488253601619,29603.80000000028
cvrp_lns,1,low,pop_17_op_m2_n13_251228_014656,m2,3405423.7,90,0.057803,True,5,pop_17_op_m2_n16_251228_014656,m2,3358167.9,1.0,-47255.80000000028,True,0.04560418709317171,0.9543958129068283,47255.80000000028
cvrp_lns,2,mid,pop_4_op_m1_n7_251226_051356,m1,3581952.6,529,0.339756,False,1,pop_15_op_m1_n1_251227_180037,m1,3478131.7,0.999719838787487,-103820.8999999999,True,0.3433226970883463,0.6566773029116537,103820.8999999999
cvrp_lns,2,mid,pop_4_op_m1_n7_251226_051356,m1,3581952.6,529,0.339756,False,2,pop_7_op_e1_n5_251226_131453,e1,3727023.3,0.9996829146831786,145070.69999999972,False,0.31994298310012403,0.680057016899876,145070.69999999972
cvrp_lns,2,mid,pop_4_op_m1_n7_251226_051356,m1,3581952.6,529,0.339756,False,3,pop_7_op_e1_n4_251226_131453,e1,3700669.8,0.9996142229588248,118717.19999999972,False,0.2946502642052744,0.7053497357947256,118717.19999999972
cvrp_lns,2,mid,pop_4_op_m1_n7_251226_051356,m1,3581952.6,529,0.339756,False,4,pop_11_op_e2_n17_251227_033505,e2,3544051.6,0.99960088128199,-37901.0,True,0.2778702428482437,0.7221297571517563,37901.0
cvrp_lns,2,mid,pop_4_op_m1_n7_251226_051356,m1,3581952.6,529,0.339756,False,5,pop_12_op_e2_n4_251227_065610,e2,3595447.6,0.9995862030636314,13495.0,False,0.33720317889228624,0.6627968211077138,13495.0
cvrp_lns,3,low,pop_4_op_m1_n6_251226_051356,m1,3570590.5,499,0.320488,False,1,pop_2_op_m1_n12_251225_230458,m1,3526693.1,0.9999792427765044,-43897.39999999991,True,0.08773572105464689,0.9122642789453531,43897.39999999991
cvrp_lns,3,low,pop_4_op_m1_n6_251226_051356,m1,3570590.5,499,0.320488,False,2,pop_4_op_m2_n2_251226_055944,m2,3561114.3,0.9999792427765044,-9476.200000000186,True,0.09397090913838413,0.9060290908616159,9476.200000000186
cvrp_lns,3,low,pop_4_op_m1_n6_251226_051356,m1,3570590.5,499,0.320488,False,3,pop_2_op_m2_n4_251225_235254,m2,3562910.3,0.999949689454671,-7680.200000000186,True,0.16463678816794103,0.835363211832059,7680.200000000186
cvrp_lns,3,low,pop_4_op_m1_n6_251226_051356,m1,3570590.5,499,0.320488,False,4,pop_3_op_m2_n14_251226_025640,m2,3682957.1,0.9998804255186774,112366.6000000001,False,0.19031133006194034,0.8096886699380597,112366.6000000001
cvrp_lns,3,low,pop_4_op_m1_n6_251226_051356,m1,3570590.5,499,0.320488,False,5,pop_3_op_m1_n18_251226_020829,m1,3551329.1,0.999876396555285,-19261.399999999907,True,0.26568978116208086,0.7343102188379191,19261.399999999907
cvrp_lns,4,low,pop_19_op_e2_n12_251228_065631,e2,3466336.2,227,0.145793,False,1,pop_16_op_m1_n14_251227_212615,m1,3493577.6,0.999643797419734,27241.399999999907,False,0.3822134815452273,0.6177865184547727,27241.399999999907
cvrp_lns,4,low,pop_19_op_e2_n12_251228_065631,e2,3466336.2,227,0.145793,False,2,pop_19_op_e2_n14_251228_065631,e2,3367407.1,0.9996191752670428,-98929.1000000001,True,0.3460923130750325,0.6539076869249675,98929.1000000001
cvrp_lns,4,low,pop_19_op_e2_n12_251228_065631,e2,3466336.2,227,0.145793,False,3,pop_17_op_m2_n17_251228_014656,m2,3414770.9,0.9994835354524716,-51565.30000000028,True,0.4012334504017502,0.5987665495982498,51565.30000000028
cvrp_lns,4,low,pop_19_op_e2_n12_251228_065631,e2,3466336.2,227,0.145793,False,4,pop_15_op_m1_n14_251227_180037,m1,3628066.1,0.9994725940501497,161729.8999999999,False,0.42337791422677473,0.5766220857732253,161729.8999999999
cvrp_lns,4,low,pop_19_op_e2_n12_251228_065631,e2,3466336.2,227,0.145793,False,5,pop_17_op_e2_n15_251228_000153,e2,3421987.0,0.9994671286223002,-44349.200000000186,True,0.41283376109204273,0.5871662389079573,44349.200000000186
cvrp_lns,5,mid,pop_14_op_m2_n0_251227_152817,m2,3659070.4,726,0.466281,False,1,pop_11_op_m1_n13_251227_042439,m1,3646057.6,0.999628831538448,-13012.799999999814,True,0.20171943258163294,0.7982805674183671,13012.799999999814
cvrp_lns,5,mid,pop_14_op_m2_n0_251227_152817,m2,3659070.4,726,0.466281,False,2,pop_11_op_m2_n4_251227_051511,m2,3566625.8,0.9996056908995568,-92444.6000000001,True,0.2596911185870243,0.7403088814129757,92444.6000000001
cvrp_lns,5,mid,pop_14_op_m2_n0_251227_152817,m2,3659070.4,726,0.466281,False,3,pop_13_op_m1_n8_251227_112032,m1,3545542.4,0.9996056908995568,-113528.0,True,0.24414951608764557,0.7558504839123544,113528.0
cvrp_lns,5,mid,pop_14_op_m2_n0_251227_152817,m2,3659070.4,726,0.466281,False,4,pop_13_op_m2_n16_251227_121005,m2,3941550.3,0.9995962306834208,282479.8999999999,False,0.26295841285237653,0.7370415871476235,282479.8999999999
cvrp_lns,5,mid,pop_14_op_m2_n0_251227_152817,m2,3659070.4,726,0.466281,False,5,pop_8_op_m2_n17_251226_191044,m2,3628945.8,0.9995847416131192,-30124.600000000093,True,0.2513383190394394,0.7486616809605606,30124.600000000093
cvrp_lns,6,mid,pop_0_op_i1_n19_251225_141156,i1,3729041.2,837,0.537572,False,1,pop_0_op_m2_n14_251225_175347,m2,3770211.3,0.9991313434447938,41170.09999999963,False,0.27414429334224777,0.7258557066577522,41170.09999999963
cvrp_lns,6,mid,pop_0_op_i1_n19_251225_141156,i1,3729041.2,837,0.537572,False,2,pop_2_op_e2_n11_251225_221616,e2,3733295.8,0.9979984217790084,4254.599999999628,False,0.6055037273687711,0.3944962726312289,4254.5999999996275
cvrp_lns,6,mid,pop_0_op_i1_n19_251225_141156,i1,3729041.2,837,0.537572,False,3,pop_0_op_i1_n12_251225_141156,i1,3892117.7,0.9978090360206368,163076.5,False,0.7155903127796555,0.28440968722034454,163076.5
cvrp_lns,6,mid,pop_0_op_i1_n19_251225_141156,i1,3729041.2,837,0.537572,False,4,pop_6_op_e2_n10_251226_105034,e2,3943139.2,0.9974690823295674,214098.0,False,0.6402300095896982,0.3597699904103018,214098.0
cvrp_lns,6,mid,pop_0_op_i1_n19_251225_141156,i1,3729041.2,837,0.537572,False,5,pop_0_op_i1_n16_251225_141156,i1,3815288.4,0.9974164916040243,86247.19999999972,False,0.7019494181205518,0.2980505818794482,86247.19999999972
cvrp_lns,7,low,pop_2_op_e1_n9_251225_213311,e1,3550734.5,437,0.280668,False,1,pop_3_op_m1_n2_251226_020829,m1,3604990.2,0.9998402084820248,54255.700000000186,False,0.369203270586824,0.630796729413176,54255.700000000186
cvrp_lns,7,low,pop_2_op_e1_n9_251225_213311,e1,3550734.5,437,0.280668,False,2,pop_2_op_m2_n10_251225_235254,m2,3606282.9,0.999719636647979,55548.39999999991,False,0.23383215463155893,0.7661678453684411,55548.39999999991
cvrp_lns,7,low,pop_2_op_e1_n9_251225_213311,e1,3550734.5,437,0.280668,False,3,pop_3_op_m1_n12_251226_020829,m1,3536493.8,0.9995994292758906,-14240.700000000186,True,0.4040664493220695,0.5959335506779305,14240.700000000186
cvrp_lns,7,low,pop_2_op_e1_n9_251225_213311,e1,3550734.5,437,0.280668,False,4,pop_2_op_m1_n14_251225_230458,m1,3546928.2,0.9995677411424382,-3806.2999999998137,True,0.3660638161692914,0.6339361838307086,3806.2999999998137
cvrp_lns,7,low,pop_2_op_e1_n9_251225_213311,e1,3550734.5,437,0.280668,False,5,pop_3_op_m2_n10_251226_025640,m2,3593751.9,0.99940077035293,43017.39999999991,False,0.4135644696161276,0.5864355303838724,43017.39999999991
cvrp_lns,8,high,pop_0_op_i1_n3_251225_145628,i1,3852077.6,1191,0.764933,False,1,pop_0_op_i1_n13_251225_145628,i1,3847298.8,0.997188025607869,-4778.800000000279,True,0.7660567935253109,0.23394320647468914,4778.800000000279
cvrp_lns,8,high,pop_0_op_i1_n3_251225_145628,i1,3852077.6,1191,0.764933,False,2,pop_0_op_e2_n0_251225_162047,e2,3949597.1,0.9971746177821325,97519.5,False,0.6705091922081428,0.32949080779185724,97519.5
cvrp_lns,8,high,pop_0_op_i1_n3_251225_145628,i1,3852077.6,1191,0.764933,False,3,pop_0_op_i1_n14_251225_145628,i1,3815288.4,0.997071224744363,-36789.200000000186,True,0.5886814583118071,0.41131854168819293,36789.200000000186
cvrp_lns,8,high,pop_0_op_i1_n3_251225_145628,i1,3852077.6,1191,0.764933,False,4,pop_0_op_i1_n5_251225_141156,i1,3892087.9,0.9965381991605056,40010.29999999981,False,0.72034200333864,0.27965799666136004,40010.299999999814
cvrp_lns,8,high,pop_0_op_i1_n3_251225_145628,i1,3852077.6,1191,0.764933,False,5,pop_0_op_i1_n19_251225_141156,i1,3729041.2,0.9964552333574151,-123036.3999999999,True,0.6634554282389152,0.33654457176108477,123036.3999999999
cvrp_lns,9,mid,pop_5_op_e1_n11_251226_064644,e1,3808717.5,1031,0.662171,False,1,pop_3_op_e1_n18_251226_003906,e1,3893279.6,0.9988912566004652,84562.1000000001,False,0.622835601511354,0.377164398488646,84562.1000000001
cvrp_lns,9,mid,pop_5_op_e1_n11_251226_064644,e1,3808717.5,1031,0.662171,False,2,pop_5_op_e2_n7_251226_073535,e2,3871200.4,0.9987247647818804,62482.89999999991,False,0.56644932387299,0.43355067612701004,62482.89999999991
cvrp_lns,9,mid,pop_5_op_e1_n11_251226_064644,e1,3808717.5,1031,0.662171,False,3,pop_11_op_e2_n4_251227_033505,e2,3677310.3,0.9987053956227312,-131407.2000000002,True,0.6697284516054582,0.33027154839454176,131407.2000000002
cvrp_lns,9,mid,pop_5_op_e1_n11_251226_064644,e1,3808717.5,1031,0.662171,False,4,pop_19_op_e2_n10_251228_065631,e2,3491023.3,0.99869752105557,-317694.2000000002,True,0.6326351536032366,0.36736484639676337,317694.2000000002
cvrp_lns,9,mid,pop_5_op_e1_n11_251226_064644,e1,3808717.5,1031,0.662171,False,5,pop_1_op_e1_n12_251225_183903,e1,3636743.0,0.9986652865202345,-171974.5,True,0.6703363249638392,0.3296636750361608,171974.5
cvrp_lns,10,high,pop_1_op_m1_n0_251225_200231,m1,3944961.7,1404,0.901734,False,1,pop_1_op_e1_n11_251225_183903,e1,3937780.7,0.9982913770378136,-7181.0,True,0.6339036567131819,0.36609634328681806,7181.0
cvrp_lns,10,high,pop_1_op_m1_n0_251225_200231,m1,3944961.7,1404,0.901734,False,2,pop_0_op_e2_n1_251225_162047,e2,3727338.2,0.9981714938666728,-217623.5,True,0.5970790694026629,0.40292093059733713,217623.5
cvrp_lns,10,high,pop_1_op_m1_n0_251225_200231,m1,3944961.7,1404,0.901734,False,3,pop_2_op_e2_n6_251225_221616,e2,3804181.2,0.9980967415020026,-140780.5,True,0.6096290303806102,0.3903709696193898,140780.5
cvrp_lns,10,high,pop_1_op_m1_n0_251225_200231,m1,3944961.7,1404,0.901734,False,4,pop_7_op_e2_n3_251226_140215,e2,3823194.6,0.997786390127144,-121767.1000000001,True,0.602303955497039,0.39769604450296103,121767.1000000001
cvrp_lns,10,high,pop_1_op_m1_n0_251225_200231,m1,3944961.7,1404,0.901734,False,5,pop_6_op_e2_n0_251226_105034,e2,3977110.3,0.9977678405907734,32148.599999999627,False,0.6247568625601124,0.3752431374398876,32148.599999999627
premarshalling_astar,1,low,pop_13_op_m2_n18_250821_223431,m2,0.33863,1139,0.245104,False,1,pop_14_op_m2_n15_250821_231254,m2,0.88488,1.0,0.54625,False,0.02318509310877781,0.9768149068912222,0.54625
premarshalling_astar,1,low,pop_13_op_m2_n18_250821_223431,m2,0.33863,1139,0.245104,False,2,pop_19_op_m2_n14_250822_040805,m2,0.25855,1.0,-0.0800799999999999,True,0.044133358653436705,0.9558666413465633,0.08007999999999998
premarshalling_astar,1,low,pop_13_op_m2_n18_250821_223431,m2,0.33863,1139,0.245104,False,3,pop_8_op_m1_n2_250821_183518,m1,0.10648,1.0,-0.2321499999999999,True,0.044133358653436705,0.9558666413465633,0.23214999999999997
premarshalling_astar,1,low,pop_13_op_m2_n18_250821_223431,m2,0.33863,1139,0.245104,False,4,pop_16_op_m2_n19_250822_004123,m2,0.22244,1.0,-0.1161899999999999,True,0.02318509310877781,0.9768149068912222,0.11618999999999999
premarshalling_astar,1,low,pop_13_op_m2_n18_250821_223431,m2,0.33863,1139,0.245104,False,5,pop_8_op_m2_n13_250821_184440,m2,0.22244,1.0,-0.1161899999999999,True,0.02318509310877781,0.9768149068912222,0.11618999999999999
premarshalling_astar,2,mid,pop_5_op_m1_n0_250825_144407,m1,0.68948,2614,0.562513,False,1,pop_2_op_e2_n15_250825_120607,e2,0.68948,0.9999999999999998,0.0,False,0.0,1.0,0.0
premarshalling_astar,2,mid,pop_5_op_m1_n0_250825_144407,m1,0.68948,2614,0.562513,False,2,pop_6_op_m1_n14_250825_151929,m1,0.68948,0.9999999999999998,0.0,False,0.0,1.0,0.0
premarshalling_astar,2,mid,pop_5_op_m1_n0_250825_144407,m1,0.68948,2614,0.562513,False,3,pop_0_op_m1_n6_250825_104303,m1,0.68948,0.9980916030534348,0.0,False,0.23746279067794163,0.7625372093220584,0.0
premarshalling_astar,2,mid,pop_5_op_m1_n0_250825_144407,m1,0.68948,2614,0.562513,False,4,pop_2_op_e2_n12_250825_120607,e2,0.76131,0.9979773784137674,0.07183,False,0.38140309186549015,0.6185969081345098,0.07183000000000006
premarshalling_astar,2,mid,pop_5_op_m1_n0_250825_144407,m1,0.68948,2614,0.562513,False,5,pop_3_op_e1_n11_250825_123957,e1,0.67043,0.9974874350821408,-0.01905,True,0.20368571523726553,0.7963142847627345,0.01905000000000001
premarshalling_astar,3,low,pop_19_op_m1_n0_251114_131836,m1,0.10826,17,0.003658,True,1,pop_19_op_m1_n10_251114_131836,m1,0.12826,0.9997601086775536,0.02,False,0.069314760440782,0.930685239559218,0.020000000000000018
premarshalling_astar,3,low,pop_19_op_m1_n0_251114_131836,m1,0.10826,17,0.003658,True,2,pop_19_op_e1_n10_251114_125527,e1,0.10826,0.9997446502564072,0.0,False,0.08211825460567046,0.9178817453943295,0.0
premarshalling_astar,3,low,pop_19_op_m1_n0_251114_131836,m1,0.10826,17,0.003658,True,3,pop_19_op_m2_n5_251114_134114,m2,0.09398,0.9997446502564072,-0.01428,True,0.10796249716614048,0.8920375028338595,0.014280000000000001
premarshalling_astar,3,low,pop_19_op_m1_n0_251114_131836,m1,0.10826,17,0.003658,True,4,pop_19_op_e2_n19_251114_131104,e2,0.10826,0.9997295738205936,0.0,False,0.24915977308240167,0.7508402269175983,0.0
premarshalling_astar,3,low,pop_19_op_m1_n0_251114_131836,m1,0.10826,17,0.003658,True,5,pop_19_op_e2_n12_251114_131104,e2,0.10826,0.99921852424389,0.0,False,0.3059124335963881,0.6940875664036119,0.0
premarshalling_astar,4,low,pop_13_op_e2_n2_250821_221005,e2,0.14275,88,0.018937,True,1,pop_12_op_e2_n13_250821_212419,e2,0.61765,0.9994242493496024,0.4749,False,0.2647653230381104,0.7352346769618896,0.47490000000000004
premarshalling_astar,4,low,pop_13_op_e2_n2_250821_221005,e2,0.14275,88,0.018937,True,2,pop_19_op_m1_n5_250822_035734,m1,0.14275,0.9989476950980418,0.0,False,0.28907011118409454,0.7109298888159055,0.0
premarshalling_astar,4,low,pop_13_op_e2_n2_250821_221005,e2,0.14275,88,0.018937,True,3,pop_14_op_e1_n18_250821_224258,e1,0.14275,0.9983784504876478,0.0,False,0.31097449864202575,0.6890255013579742,0.0
premarshalling_astar,4,low,pop_13_op_e2_n2_250821_221005,e2,0.14275,88,0.018937,True,4,pop_19_op_e1_n19_250822_032916,e1,7.68207,0.9977005362981948,7.53932,False,0.2678650882515491,0.7321349117484509,7.53932
premarshalling_astar,4,low,pop_13_op_e2_n2_250821_221005,e2,0.14275,88,0.018937,True,5,pop_16_op_e2_n12_250822_002000,e2,0.49689,0.997655758609672,0.35414,False,0.3851577030847769,0.6148422969152231,0.35414
premarshalling_astar,5,mid,pop_11_op_m2_n10_250818_191239,m2,1.17707,2929,0.630299,False,1,pop_19_op_m2_n1_250820_012236,m2,1.17707,1.0000000000000002,0.0,False,0.0,1.0,0.0
premarshalling_astar,5,mid,pop_11_op_m2_n10_250818_191239,m2,1.17707,2929,0.630299,False,2,pop_12_op_m1_n4_250818_214935,m1,1.17707,1.0000000000000002,0.0,False,0.0,1.0,0.0
premarshalling_astar,5,mid,pop_11_op_m2_n10_250818_191239,m2,1.17707,2929,0.630299,False,3,pop_12_op_m1_n1_250818_214935,m1,1.17707,1.0000000000000002,0.0,False,0.0,1.0,0.0
premarshalling_astar,5,mid,pop_11_op_m2_n10_250818_191239,m2,1.17707,2929,0.630299,False,4,pop_19_op_m2_n9_250820_012236,m2,1.17707,1.0000000000000002,0.0,False,0.10781293794620905,0.892187062053791,0.0
premarshalling_astar,5,mid,pop_11_op_m2_n10_250818_191239,m2,1.17707,2929,0.630299,False,5,pop_13_op_m2_n18_250819_023104,m2,1.17707,1.0000000000000002,0.0,False,0.0,1.0,0.0
premarshalling_astar,6,mid,pop_0_op_i1_n0_250821_120940,i1,1.17207,2928,0.630084,False,1,pop_0_op_m2_n3_250821_131401,m2,8.79957,0.9989201556327166,7.627499999999999,False,0.10297441120324369,0.8970255887967563,7.6274999999999995
premarshalling_astar,6,mid,pop_0_op_i1_n0_250821_120940,i1,1.17207,2928,0.630084,False,2,pop_1_op_m1_n6_250821_135054,m1,0.88362,0.9986372136406064,-0.28845,True,0.1506114549899631,0.8493885450100369,0.28845
premarshalling_astar,6,mid,pop_0_op_i1_n0_250821_120940,i1,1.17207,2928,0.630084,False,3,pop_4_op_e2_n9_250821_153039,e2,0.73193,0.9982554965178828,-0.44014,True,0.3262067618792174,0.6737932381207826,0.44014
premarshalling_astar,6,mid,pop_0_op_i1_n0_250821_120940,i1,1.17207,2928,0.630084,False,4,pop_0_op_e2_n6_250821_124235,e2,11.1329,0.9982547499555092,9.96083,False,0.22031591347736323,0.7796840865226368,9.96083
premarshalling_astar,6,mid,pop_0_op_i1_n0_250821_120940,i1,1.17207,2928,0.630084,False,5,pop_11_op_e1_n10_250821_202035,e1,1.5864,0.9978538674424112,0.4143300000000001,False,0.42886026516874265,0.5711397348312574,0.4143300000000001
premarshalling_astar,7,low,pop_16_op_e1_n17_250819_105708,e1,0.35344,1282,0.275877,False,1,pop_17_op_e2_n17_250819_154113,e2,0.2799,0.999516590874618,-0.07354,True,0.23630612722762934,0.7636938727723707,0.07354
premarshalling_astar,7,low,pop_16_op_e1_n17_250819_105708,e1,0.35344,1282,0.275877,False,2,pop_18_op_m1_n1_250819_203800,m1,0.3324,0.9993948334452972,-0.02104,True,0.3529698566109807,0.6470301433890193,0.021040000000000003
premarshalling_astar,7,low,pop_16_op_e1_n17_250819_105708,e1,0.35344,1282,0.275877,False,3,pop_14_op_e1_n19_250819_032631,e1,10.69957,0.9993139678505,10.34613,False,0.36885285593779793,0.6311471440622021,10.346129999999999
premarshalling_astar,7,low,pop_16_op_e1_n17_250819_105708,e1,0.35344,1282,0.275877,False,4,pop_15_op_e2_n12_250819_075923,e2,3.22139,0.9992677118369134,2.86795,False,0.26249120937603054,0.7375087906239695,2.86795
premarshalling_astar,7,low,pop_16_op_e1_n17_250819_105708,e1,0.35344,1282,0.275877,False,5,pop_7_op_m1_n11_250818_013530,m1,8.81957,0.9992313368622996,8.46613,False,0.24314259868226462,0.7568574013177354,8.46613
premarshalling_astar,8,high,pop_0_op_i1_n9_250825_095101,i1,13.9329,4543,0.97762,False,1,pop_18_op_e1_n0_251114_120931,e1,0.11937,0.9945287658451384,-13.81353,True,0.5962519761982913,0.4037480238017087,13.81353
premarshalling_astar,8,high,pop_0_op_i1_n9_250825_095101,i1,13.9329,4543,0.97762,False,2,pop_19_op_m2_n16_251114_134114,m2,0.34066,0.9942290212571604,-13.59224,True,0.6863431801301446,0.3136568198698554,13.59224
premarshalling_astar,8,high,pop_0_op_i1_n9_250825_095101,i1,13.9329,4543,0.97762,False,3,pop_19_op_e1_n0_251114_125527,e1,0.33867,0.9941226655351356,-13.59423,True,0.5842177820768655,0.4157822179231345,13.59423
premarshalling_astar,8,high,pop_0_op_i1_n9_250825_095101,i1,13.9329,4543,0.97762,False,4,pop_12_op_e1_n3_250825_195929,e1,0.96818,0.993613271390772,-12.96472,True,0.6197850641555378,0.3802149358444622,12.96472
premarshalling_astar,8,high,pop_0_op_i1_n9_250825_095101,i1,13.9329,4543,0.97762,False,5,pop_18_op_m2_n6_251114_124328,m2,0.32216,0.9935140926232422,-13.61074,True,0.6019065688954113,0.3980934311045887,13.61074
premarshalling_astar,9,mid,pop_17_op_e1_n11_250822_005416,e1,0.50625,2090,0.449753,False,1,pop_11_op_e2_n8_250821_203358,e2,0.4012,0.998364408676407,-0.1050499999999999,True,0.5001974334729888,0.49980256652701116,0.10504999999999998
premarshalling_astar,9,mid,pop_17_op_e1_n11_250822_005416,e1,0.50625,2090,0.449753,False,2,pop_17_op_e2_n11_250822_020553,e2,0.35506,0.9982330650201676,-0.15119,True,0.5234448924880931,0.4765551075119069,0.15119
premarshalling_astar,9,mid,pop_17_op_e1_n11_250822_005416,e1,0.50625,2090,0.449753,False,3,pop_13_op_m2_n9_250821_223431,m2,0.25831,0.9981722485986076,-0.24794,True,0.4490149411836014,0.5509850588163986,0.24794
premarshalling_astar,9,mid,pop_17_op_e1_n11_250822_005416,e1,0.50625,2090,0.449753,False,4,pop_19_op_m1_n13_250822_035734,m1,0.29684,0.9980522111890324,-0.2094099999999999,True,0.45821793622399354,0.5417820637760065,0.20940999999999999
premarshalling_astar,9,mid,pop_17_op_e1_n11_250822_005416,e1,0.50625,2090,0.449753,False,5,pop_11_op_m1_n13_250821_204759,m1,0.16953,0.997976298913176,-0.33672,True,0.45507652719469927,0.5449234728053007,0.33672
premarshalling_astar,10,high,pop_11_op_m1_n15_250818_181344,m1,3.27528,3497,0.752529,False,1,pop_10_op_m2_n11_250818_151722,m2,3.27528,1.0000000000000002,0.0,False,0.0,1.0,0.0
premarshalling_astar,10,high,pop_11_op_m1_n15_250818_181344,m1,3.27528,3497,0.752529,False,2,pop_7_op_m2_n8_250818_030647,m2,3.33361,0.9992628673896008,0.0583300000000002,False,0.21868017034505538,0.7813198296549446,0.058330000000000215
premarshalling_astar,10,high,pop_11_op_m1_n15_250818_181344,m1,3.27528,3497,0.752529,False,3,pop_10_op_m1_n9_250818_140658,m1,4.10429,0.9970370322996556,0.8290099999999998,False,0.4449227640714257,0.5550772359285743,0.8290099999999998
premarshalling_astar,10,high,pop_11_op_m1_n15_250818_181344,m1,3.27528,3497,0.752529,False,4,pop_11_op_m1_n8_250818_181344,m1,4.10429,0.9970370322996556,0.8290099999999998,False,0.4449227640714257,0.5550772359285743,0.8290099999999998
premarshalling_astar,10,high,pop_11_op_m1_n15_250818_181344,m1,3.27528,3497,0.752529,False,5,pop_7_op_m2_n4_250818_030647,m2,8.81957,0.9966662349622109,5.54429,False,0.23903520689079072,0.7609647931092093,5.54429
puzzle_astar,1,low,pop_14_op_m2_n5_251009_013943,m2,1.50491,1411,0.290449,False,1,pop_12_op_m2_n11_251008_202653,m2,1.19082,0.9999811323558706,-0.31409,True,0.12739941593136783,0.8726005840686322,0.31409
puzzle_astar,1,low,pop_14_op_m2_n5_251009_013943,m2,1.50491,1411,0.290449,False,2,pop_7_op_e2_n14_251008_083110,e2,0.91527,0.9999547696678924,-0.5896399999999999,True,0.09179823146369381,0.9082017685363062,0.5896399999999999
puzzle_astar,1,low,pop_14_op_m2_n5_251009_013943,m2,1.50491,1411,0.290449,False,3,pop_13_op_m1_n6_251008_230239,m1,0.91527,0.9999547696678924,-0.5896399999999999,True,0.14034536586320834,0.8596546341367917,0.5896399999999999
puzzle_astar,1,low,pop_14_op_m2_n5_251009_013943,m2,1.50491,1411,0.290449,False,4,pop_7_op_m2_n17_251008_092925,m2,1.18465,0.9999374582475902,-0.32026,True,0.1320200937157341,0.8679799062842659,0.32026
puzzle_astar,1,low,pop_14_op_m2_n5_251009_013943,m2,1.50491,1411,0.290449,False,5,pop_14_op_m2_n1_251009_013943,m2,0.91527,0.9999247044049246,-0.5896399999999999,True,0.09005309889658264,0.9099469011034174,0.5896399999999999
puzzle_astar,2,mid,pop_8_op_m1_n8_251005_093415,m1,1.617,1627,0.334911,False,1,pop_16_op_m1_n19_251006_003147,m1,1.66645,0.9995865365288816,0.0494499999999999,False,0.2538816513199126,0.7461183486800874,0.049449999999999994
puzzle_astar,2,mid,pop_8_op_m1_n8_251005_093415,m1,1.617,1627,0.334911,False,2,pop_13_op_m1_n0_251005_191524,m1,1.30439,0.9994950253701504,-0.31261,True,0.3948693615280643,0.6051306384719357,0.31261000000000005
puzzle_astar,2,mid,pop_8_op_m1_n8_251005_093415,m1,1.617,1627,0.334911,False,3,pop_12_op_m1_n16_251005_163256,m1,1.67621,0.9994415220766774,0.0592099999999999,False,0.3960169757176104,0.6039830242823896,0.059209999999999985
puzzle_astar,2,mid,pop_8_op_m1_n8_251005_093415,m1,1.617,1627,0.334911,False,4,pop_7_op_e2_n0_251005_072556,e2,1.14855,0.999331382204668,-0.46845,True,0.14808342612581238,0.8519165738741876,0.46845000000000003
puzzle_astar,2,mid,pop_8_op_m1_n8_251005_093415,m1,1.617,1627,0.334911,False,5,pop_10_op_m2_n11_251005_132908,m2,1.63478,0.999331382204668,0.0177799999999999,False,0.1691073498853939,0.8308926501146061,0.017779999999999907
puzzle_astar,3,low,pop_19_op_m1_n11_251006_055659,m1,0.91381,433,0.089131,True,1,pop_18_op_m1_n0_251006_040930,m1,1.25319,0.9998648151653852,0.33938,False,0.09296695783602837,0.9070330421639716,0.33938
puzzle_astar,3,low,pop_19_op_m1_n11_251006_055659,m1,0.91381,433,0.089131,True,2,pop_17_op_m2_n11_251006_024659,m2,1.54305,0.9997932158125518,0.62924,False,0.11655306231346274,0.8834469376865373,0.62924
puzzle_astar,3,low,pop_19_op_m1_n11_251006_055659,m1,0.91381,433,0.089131,True,3,pop_16_op_m1_n12_251006_003147,m1,0.91092,0.9997921287109872,-0.00289,True,0.06387955646687571,0.9361204435331243,0.002890000000000059
puzzle_astar,3,low,pop_19_op_m1_n11_251006_055659,m1,0.91381,433,0.089131,True,4,pop_16_op_m1_n7_251006_003147,m1,1.51329,0.999747486415318,0.59948,False,0.17469659110704794,0.8253034088929521,0.59948
puzzle_astar,3,low,pop_19_op_m1_n11_251006_055659,m1,0.91381,433,0.089131,True,5,pop_18_op_m1_n4_251006_040930,m1,0.91381,0.999739434484872,0.0,False,0.09084209618264649,0.9091579038173535,0.0
puzzle_astar,4,low,pop_19_op_e2_n5_251006_053013,e2,1.1781,950,0.195554,False,1,pop_19_op_m1_n8_251006_055659,m1,0.91263,0.999912735193658,-0.2654699999999999,True,0.05089611470406841,0.9491038852959316,0.2654699999999999
puzzle_astar,4,low,pop_19_op_e2_n5_251006_053013,e2,1.1781,950,0.195554,False,2,pop_19_op_e2_n17_251006_053013,e2,0.91263,0.9999008207529138,-0.2654699999999999,True,0.08874539505194856,0.9112546049480514,0.2654699999999999
puzzle_astar,4,low,pop_19_op_e2_n5_251006_053013,e2,1.1781,950,0.195554,False,3,pop_18_op_m1_n9_251006_040930,m1,1.45501,0.9998858996694902,0.27691,False,0.08600194506637504,0.913998054933625,0.27691
puzzle_astar,4,low,pop_19_op_e2_n5_251006_053013,e2,1.1781,950,0.195554,False,4,pop_16_op_e1_n2_251005_234007,e1,1.53886,0.9998230072507474,0.3607599999999999,False,0.1389669807683156,0.8610330192316844,0.36075999999999997
puzzle_astar,4,low,pop_19_op_e2_n5_251006_053013,e2,1.1781,950,0.195554,False,5,pop_16_op_m1_n0_251006_003147,m1,1.08893,0.999715325295511,-0.0891699999999999,True,0.19347685757765776,0.8065231424223422,0.08916999999999997
puzzle_astar,5,mid,pop_3_op_m2_n16_251005_011247,m2,1.74981,1815,0.373611,False,1,pop_2_op_m2_n13_251004_233101,m2,2.5337,0.9986902747555516,0.78389,False,0.10284501653337452,0.8971549834666255,0.78389
puzzle_astar,5,mid,pop_3_op_m2_n16_251005_011247,m2,1.74981,1815,0.373611,False,2,pop_3_op_m1_n0_251005_004701,m1,2.28037,0.9986902747555516,0.5305599999999999,False,0.1398820535704115,0.8601179464295885,0.5305599999999999
puzzle_astar,5,mid,pop_3_op_m2_n16_251005_011247,m2,1.74981,1815,0.373611,False,3,pop_1_op_m1_n1_251004_212208,m1,2.0088,0.9986504464263212,0.2589899999999998,False,0.15459667588877768,0.8454033241112223,0.25898999999999983
puzzle_astar,5,mid,pop_3_op_m2_n16_251005_011247,m2,1.74981,1815,0.373611,False,4,pop_1_op_e1_n10_251004_203346,e1,2.28037,0.998591270324218,0.5305599999999999,False,0.5582074104068504,0.4417925895931496,0.5305599999999999
puzzle_astar,5,mid,pop_3_op_m2_n16_251005_011247,m2,1.74981,1815,0.373611,False,5,pop_1_op_m1_n4_251004_212208,m1,2.28037,0.9985545433316814,0.5305599999999999,False,0.5617003398477196,0.4382996601522804,0.5305599999999999
puzzle_astar,6,mid,pop_0_op_i1_n9_251016_142943,i1,2.20381,2818,0.580074,False,1,pop_0_op_i1_n1_251004_184152,i1,2.20381,0.9999999999999998,0.0,False,0.11369276558501484,0.8863072344149852,0.0
puzzle_astar,6,mid,pop_0_op_i1_n9_251016_142943,i1,2.20381,2818,0.580074,False,2,pop_0_op_i1_n8_251016_142943,i1,2.20381,0.9999999999999998,0.0,False,0.07624761285785997,0.92375238714214,0.0
puzzle_astar,6,mid,pop_0_op_i1_n9_251016_142943,i1,2.20381,2818,0.580074,False,3,pop_0_op_i1_n15_251016_195425,i1,2.20381,0.9999999999999998,0.0,False,0.0,1.0,0.0
puzzle_astar,6,mid,pop_0_op_i1_n9_251016_142943,i1,2.20381,2818,0.580074,False,4,pop_0_op_i1_n6_251007_183925,i1,2.20381,0.9999999999999998,0.0,False,0.21007190143761834,0.7899280985623817,0.0
puzzle_astar,6,mid,pop_0_op_i1_n9_251016_142943,i1,2.20381,2818,0.580074,False,5,pop_0_op_i1_n6_251007_190335,i1,2.20381,0.9999999999999998,0.0,False,0.0,1.0,0.0
puzzle_astar,7,low,pop_9_op_e1_n9_251005_102726,e1,1.26911,1091,0.224578,False,1,pop_7_op_m2_n17_251005_081804,m2,1.23234,1.0,-0.0367699999999999,True,0.22890758950236145,0.7710924104976385,0.03676999999999997
puzzle_astar,7,low,pop_9_op_e1_n9_251005_102726,e1,1.26911,1091,0.224578,False,2,pop_6_op_e1_n5_251005_051231,e1,1.26911,1.0,0.0,False,0.19479766397474751,0.8052023360252525,0.0
puzzle_astar,7,low,pop_9_op_e1_n9_251005_102726,e1,1.26911,1091,0.224578,False,3,pop_6_op_m2_n4_251005_063028,m2,1.7025,1.0,0.4333899999999999,False,0.2102084820812682,0.7897915179187318,0.43338999999999994
puzzle_astar,7,low,pop_9_op_e1_n9_251005_102726,e1,1.26911,1091,0.224578,False,4,pop_6_op_m2_n2_251005_063028,m2,1.24458,1.0,-0.0245299999999999,True,0.20967682027159218,0.7903231797284078,0.02452999999999994
puzzle_astar,7,low,pop_9_op_e1_n9_251005_102726,e1,1.26911,1091,0.224578,False,5,pop_6_op_m2_n19_251005_063028,m2,1.88412,0.999962395401299,0.6150100000000001,False,0.22656901641145843,0.7734309835885416,0.6150100000000001
puzzle_astar,8,high,pop_0_op_i1_n15_251016_142943,i1,2.5337,3600,0.741046,False,1,pop_0_op_i1_n12_251004_181821,i1,2.5337,1.0000000000000002,0.0,False,0.27226714149591835,0.7277328585040816,0.0
puzzle_astar,8,high,pop_0_op_i1_n15_251016_142943,i1,2.5337,3600,0.741046,False,2,pop_0_op_i1_n9_251004_184152,i1,2.5337,1.0000000000000002,0.0,False,0.315340430077901,0.684659569922099,0.0
puzzle_astar,8,high,pop_0_op_i1_n15_251016_142943,i1,2.5337,3600,0.741046,False,3,pop_0_op_i1_n5_251004_184152,i1,2.5337,1.0000000000000002,0.0,False,0.27046459131881784,0.7295354086811822,0.0
puzzle_astar,8,high,pop_0_op_i1_n15_251016_142943,i1,2.5337,3600,0.741046,False,4,pop_0_op_i1_n7_251004_184152,i1,2.5337,1.0000000000000002,0.0,False,0.27327392752893376,0.7267260724710662,0.0
puzzle_astar,8,high,pop_0_op_i1_n15_251016_142943,i1,2.5337,3600,0.741046,False,5,pop_0_op_i1_n7_251016_195425,i1,2.5337,1.0000000000000002,0.0,False,0.27046459131881784,0.7295354086811822,0.0
puzzle_astar,9,mid,pop_4_op_e1_n14_251008_022932,e1,1.90788,2192,0.451214,False,1,pop_17_op_e1_n8_251006_012645,e1,2.5337,0.9976559294073296,0.62582,False,0.5378674149302023,0.4621325850697977,0.62582
puzzle_astar,9,mid,pop_4_op_e1_n14_251008_022932,e1,1.90788,2192,0.451214,False,2,pop_18_op_m1_n14_251006_040930,m1,2.09752,0.9974822905406576,0.1896399999999998,False,0.5794989551804213,0.42050104481957873,0.1896399999999998
puzzle_astar,9,mid,pop_4_op_e1_n14_251008_022932,e1,1.90788,2192,0.451214,False,3,pop_6_op_e1_n10_251005_051231,e1,2.5337,0.9973404255110146,0.62582,False,0.5454218827996845,0.4545781172003155,0.62582
puzzle_astar,9,mid,pop_4_op_e1_n14_251008_022932,e1,1.90788,2192,0.451214,False,4,pop_18_op_e1_n1_251006_031442,e1,2.27773,0.9971858728428858,0.36985,False,0.5708201548287604,0.42917984517123964,0.36985
puzzle_astar,9,mid,pop_4_op_e1_n14_251008_022932,e1,1.90788,2192,0.451214,False,5,pop_18_op_e2_n19_251009_085040,e2,2.5337,0.9971484216447388,0.62582,False,0.38776246190591046,0.6122375380940895,0.62582
puzzle_astar,10,high,pop_18_op_m1_n0_251009_092244,m1,2.37694,3334,0.686291,False,1,pop_19_op_m1_n5_251009_112827,m1,2.37694,0.9994973196483206,0.0,False,0.3119478905092432,0.6880521094907568,0.0
puzzle_astar,10,high,pop_18_op_m1_n0_251009_092244,m1,2.37694,3334,0.686291,False,2,pop_5_op_e1_n16_251023_161129,e1,2.2888,0.9987941596490498,-0.0881399999999996,True,0.6284517201153659,0.3715482798846341,0.08813999999999966
puzzle_astar,10,high,pop_18_op_m1_n0_251009_092244,m1,2.37694,3334,0.686291,False,3,pop_15_op_m1_n1_251009_031407,m1,2.2888,0.9986639045124238,-0.0881399999999996,True,0.39241678974745686,0.6075832102525431,0.08813999999999966
puzzle_astar,10,high,pop_18_op_m1_n0_251009_092244,m1,2.37694,3334,0.686291,False,4,pop_14_op_e1_n14_251009_000518,e1,2.10756,0.9985954261694456,-0.2693799999999999,True,0.4375170102038497,0.5624829897961503,0.26937999999999995
puzzle_astar,10,high,pop_18_op_m1_n0_251009_092244,m1,2.37694,3334,0.686291,False,5,pop_12_op_m1_n12_251008_195611,m1,2.5337,0.9985820248295488,0.1567600000000002,False,0.3245837912000149,0.6754162087999851,0.15676000000000023
